"SOORT PRIMAIR ONDERWIJS","BEVOEGD GEZAG NUMMER","BEVOEGD GEZAG NAAM","STRAATNAAM","HUISNUMMER-TOEVOEGING","POSTCODE","PLAATSNAAM","GEMEENTENUMMER","GEMEENTENAAM","DENOMINATIE","TELEFOONNUMMER","INTERNETADRES","STRAATNAAM CORRESPONDENTIEADRES","HUISNUMMER-TOEVOEGING CORRESPONDENTIEADRES","POSTCODE CORRESPONDENTIEADRES","PLAATSNAAM CORRESPONDENTIEADRES","ADMINISTRATIEKANTOORNUMMER","KVK-NUMMER"
"(V)SO","20233","Stichting Onderwijscentrum Leijpark","Professor Stoltehof","1","5022KE","TILBURG","0855","TILBURG","Rooms-Katholiek","","","Postbus","5022","5004EA","TILBURG","401","41096630"
"(V)SO","21657","Stichting Vitus Zuid","Toledolaan","3","5629CC","EINDHOVEN","0772","EINDHOVEN","Algemeen bijzonder","0402902345","www.taalbrug.nl","Toledolaan","3","5629CC","EINDHOVEN","413","59130423"
"(V)SO","21679","Stichting VierTaal","Jan Sluijtersstraat","3","1062CJ","AMSTERDAM","0363","AMSTERDAM","Openbaar","0206698194","www.viertaal.nl","Postbus","59264","1040KG","AMSTERDAM","780","58402896"
"(V)SO","24922","Stichting Altra","Rode Kruisstraat","32","1025KN","AMSTERDAM","0363","AMSTERDAM","Algemeen bijzonder","0205558333","www.altra.nl","Rode Kruisstraat","32","1025KN","AMSTERDAM","038","41211784"
"(V)SO","25859","Stichting Attendiz","Welbergweg","20","7556PE","HENGELO OV","0164","HENGELO","Algemeen bijzonder","0880103600","www.attendiz.nl","Postbus","8105","7550KC","HENGELO OV","949","41029242"
"(V)SO","26132","Stichting Herman Broeren","Keulsebaan","508","6045GL","ROERMOND","0957","ROERMOND","Algemeen bijzonder","0475321980","www.hermanbroeren.nl","Keulsebaan","508","6045GL","ROERMOND","401","41067581"
"(V)SO","27445","Stichting Tyltylschool de Maasgouw Maastricht","Bemelergrubbe","5","6226NK","MAASTRICHT","0935","MAASTRICHT","Rooms-Katholiek","0436018181","","Postbus","4259","6202WC","MAASTRICHT","401","41076208"
"(V)SO","30605","Stichting Zozijn Daniël de Brouwerschool","Lathmerweg","4","7384AN","WILP GLD","0285","VOORST","Rooms-Katholiek","0571261411","www.danieldebrouwerschool.nl","Lathmerweg","4","7384AN","WILP GLD","780","08129757"
"(V)SO","30866","Stichting Zonnehuizen","Utrechtseweg","69","3704HB","ZEIST","0355","ZEIST","Algemeen bijzonder","0306955588","","Postbus","99","3700AB","ZEIST","",""
"(V)SO","30882","Stichting Eduvier Onderwijsgroep","De Schans","1901","8231KM","LELYSTAD","0995","LELYSTAD","Algemeen bijzonder","0320252378","www.eduvier.nl","Postbus","2344","8203AH","LELYSTAD","606","41023804"
"(V)SO","30968","Stichting Prof. Dr. Leo Kanneronderw.grp","Elisabethhof","21","2353EW","LEIDERDORP","0547","LEIDERDORP","Algemeen bijzonder","0715173861","www.leokanner.nl","Rietschans","68-8558","2352BB","LEIDERDORP","098","41165490"
"(V)SO","38209","Herman Broerenstichting","Clara van Sparwoudestr","1","2612SP","DELFT","0503","DELFT","Algemeen bijzonder","0152141066","www.hermanbroerenstichting.nu","Clara van Sparwoudestr","1","2612SP","DELFT","706","41145285"
"(V)SO","40530","Stichting voor Christelijk Onderwijs te Alphen aan den Rijn en omstreken","Prinses Beatrixlaan","4","2404XC","ALPHEN AAN DEN RIJN","0484","ALPHEN AAN DEN RIJN","Protestants-Christelijk","0172449500","www.scopescholen.nl","Postbus","166","2400AD","ALPHEN AAN DEN RIJN","169","40448185"
"(V)SO","40837","Stichting Heliomare Onderwijs","Relweg","51","1949EC","WIJK AAN ZEE","0375","BEVERWIJK","Algemeen bijzonder","0889208002","www.heliomare.nl","Relweg","51","1949EC","WIJK AAN ZEE","","41227059"
"(V)SO","40908","Stichting Speciaal Onderwijs Midden Nederland","Professor Bronkhorstlaan","22","3723MB","BILTHOVEN","0310","DE BILT","Algemeen bijzonder","0302287620","www.bbonderwijs.nl","Professor Bronkhorstlaan","22","3723MB","BILTHOVEN","954","41265709"
"(V)SO","41200","Stichting 'Het Driespan'","Hof van den Houte","91","4873AZ","ETTEN-LEUR","0777","ETTEN-LEUR","Samenwerking RK, Alg. Bijz.","0765025990","www.hetdriespan.nl","Valkstraat","14","6135GC","SITTARD","","20096129"
"(V)SO","41208","Stichting Onderwijsgroep Amersfoort","De Brand","20","3823LJ","AMERSFOORT","0307","AMERSFOORT","Openbaar","0334701008","www.onderwijsgroepamersfoort.nl","Postbus","1771","3800BT","AMERSFOORT","","32075562"
"(V)SO","41210","Sticht. Scholengemeensch. voor Speciaal en VSO 'De Brouwerij","Vossenstraat","6","6811JL","ARNHEM","0202","ARNHEM","Protestants-Christelijk","0263537480","www.sgmbrouwerij.nl","Postbus","821","6800AV","ARNHEM","673","41058899"
"(V)SO","41290","Stichting Mozarthof","Mozartlaan","29","1217CM","HILVERSUM","0402","HILVERSUM","Algemeen bijzonder","0355821050","www.mozarthof.nl","Postbus","1035","1200BA","HILVERSUM","136","41192704"
"(V)SO","41312","Stichting ""De Korre""","Deestraat","3","4458AJ","'S-HEER ARENDSKERKE","0664","GOES","Samenwerking Opb., PC, RK, Alg","0113569100","www.dekorre.nl","Deestraat","3","4458AJ","'S-HEER ARENDSKERKE","136","22050445"
"(V)SO","41314","Stichting Onderwijs Koninklijke Auris Groep","Ammanplein","2","3031RT","ROTTERDAM","0599","ROTTERDAM","","0108889600","www.auris.nl","Postbus","3192","3003AD","ROTTERDAM","706","41130686"
"(V)SO","41331","Stichting Onderwijscentrum Zuid-Gelderland","Grote Loef","1","6581JE","MALDEN","0252","HEUMEN","Algemeen bijzonder","0243505335","www.puntspeciaal.nl","Grote Loef","1","6581JE","MALDEN","136","09129390"
"(V)SO","41388","De Kleine Prins, Stichting v. speciaal onderwijs/voorzien.","Leyenseweg","111-H","3721BC","BILTHOVEN","0310","DE BILT","Algemeen bijzonder","0355280448","www.dekleineprins.nl","Postbus","665","3720AR","BILTHOVEN","","30185516"
"(V)SO","41450","Stichting J.H. Donnerschool","Schoonderbekerweg","45","3794NA","DE GLIND","0203","BARNEVELD","","0342452044","","Postbus","492","3770AL","BARNEVELD","954","08116125"
"(V)SO","41479","Stichting Orion","Bijlmerdreef","1289","1103TV","AMSTERDAM","0363","AMSTERDAM","Openbaar","0203460340","www.orion.nl","Postbus","22222","1100CE","AMSTERDAM","780","34191464"
"(V)SO","41496","Stichting Openbaar Onderwijs Rijn- en Heuvelland","Laan van Vollenhove","3279","3706AS","ZEIST","0355","ZEIST","Openbaar","","","Postbus","344","3700AH","ZEIST","","30200523"
"(V)SO","41531","Stichting MeTander","Grote Loef","1","6581JE","MALDEN","0252","HEUMEN","Samenwerking Opb., RK","0243505335","www.puntspeciaal.nl","Grote Loef","1","6581JE","MALDEN","136","11062277"
"(V)SO","41664","Stichting Dunamare Onderwijsgroep","Diakenhuisweg","5","2033AP","HAARLEM","0392","HAARLEM","Samenwerking Opb., Alg. Bijz.","0235303600","www.dunamare.nl","Postbus","4470","2003EL","HAARLEM","696","34277470"
"(V)SO","41805","Stichting Speciaal Onderwijs Leiden e.o.","Donizettilaan","1-A","2324BE","LEIDEN","0546","LEIDEN","Algemeen bijzonder","0715310433","www.kortevlietschool.nl","Postbus","1389","2302BJ","LEIDEN","098","27320519"
"(V)SO","41821","Stichting Alterius","Kloosterkensweg","6","6419PJ","HEERLEN","0917","HEERLEN","Algemeen bijzonder","0455711896","www.stichtingalterius.nl","Kloosterkensweg","6","6419PJ","HEERLEN","401","14105175"
"(V)SO","41880","Stichting Almere Speciaal","Grote Markt","2","1315JG","ALMERE","0034","ALMERE","Overige","0367670200","www.almere-speciaal.nl","Grote Markt","2","1315JG","ALMERE","222","32149859"
"(V)SO","42536","St.Kon.Visio, expertisecentr. slechtziende en blinde mensen","Amersfoortsestraatweg","180","1272RR","HUIZEN","0406","HUIZEN","Algemeen bijzonder","0885855000","www.visio.org","Postbus","1180","1270BD","HUIZEN","","08168183"
"(V)SO","42572","Stichting Oosterwijs","Gerrit van der Veenstr","24","5348RD","OSS","0828","OSS","Algemeen bijzonder","","","Gerrit van der Veenstr","24","5348RD","OSS","136","51267888"
"(V)SO","42573","Stichting RESPONZ","Melis Stokelaan","1189","2541GA","'S-GRAVENHAGE","0518","S GRAVENHAGE","Algemeen bijzonder","0703888850","www.responz.net","Melis Stokelaan","1189","2541GA","'S-GRAVENHAGE","065","51693038"
"(V)SO","42665","Stichting Speciaal Onderwijs Fryslân","Morra","2-3","9204KH","DRACHTEN","0090","SMALLINGERLAND","Protestants-Christelijk","0512584594","www.so-fryslan.nl","Morra","2-3","9204KH","DRACHTEN","951","59619295"
"(V)SO","43058","Stichting Speciaal Onderwijs Tarcisiusschool","Pater Eijmardweg","19","6525RL","NIJMEGEN","0268","NIJMEGEN","Rooms-Katholiek","0243557533","","Pater Eijmardweg","19","6525RL","NIJMEGEN","688","41055696"
"(V)SO","44813","Stichting Onderwijsgroep Buitengewoon","Wylrehofweg","11","5912PM","VENLO","0983","VENLO","Algemeen bijzonder","0773559050","www.ogbuitengewoon.nl","Postbus","809","5900AV","VENLO","","41062151"
"(V)SO","48856","Stichting Professor Fritz Redlschool voor Langdurig Zieke Kinderen","Heidelberglaan","100","3584CX","UTRECHT","0344","UTRECHT","Algemeen bijzonder","0307440780","www.redl.nl","Postbus","85500","3508GA","UTRECHT","706","41188256"
"(V)SO","50143","Stichting Saltho-onderwijs","Bosscheweg","139-H","5282WV","BOXTEL","0757","BOXTEL","Rooms-Katholiek","0411616050","www.koraalgroep.nl","Valkstraat","14","6135GC","SITTARD","","41080942"
"(V)SO","54679","Stichting Kentalis Onderwijs","Theerestraat","42","5271GD","SINT-MICHIELSGESTEL","0845","SINT-MICHIELSGESTEL","Interconfessioneel","0735588111","www.kentalis.nl","Postbus","7","5270BA","SINT-MICHIELSGESTEL","","41159605"
"(V)SO","62077","Stichting Horizon Jeugdzorg en Speciaal Onderwijs","Mozartlaan","150","3055KM","ROTTERDAM","0599","ROTTERDAM","Algemeen bijzonder","0102854700","www.horizon-jeugdzorg.nl","Mozartlaan","150","3055KM","ROTTERDAM","038","41169931"
"(V)SO","71371","Martinusstichting voor spec. en voortgezet spec. ond.","Aleyda van Raephorstlaan","243","3054CR","ROTTERDAM","0599","ROTTERDAM","Rooms-Katholiek","0104223517","www.zmlk.nl","Aleyda van Raephorstlaan","243","3054CR","ROTTERDAM","706","41125641"
"(V)SO","72905","Stichting Speciaal Onderw. en Exp.centra","Venetiestraat","43","5632RM","EINDHOVEN","0772","EINDHOVEN","Rooms-Katholiek","0402163850","www.ssoe.nl","Venetiestraat","43","5632RM","EINDHOVEN","413","41087568"
"(V)SO","73906","Stichting Kempenhaeghe","Sterkselseweg","65","5591VE","HEEZE","1658","HEEZE-LEENDE","Rooms-Katholiek","0402279300","www.berkenschutse.nl","Postbus","61","5590AB","HEEZE","413","41087534"
"(V)SO","74127","Stichting Gabriël bs en vso v. leerl. mot. bep.","Kooikersweg","303","5223KE","'S-HERTOGENBOSCH","0796","S HERTOGENBOSCH","Rooms-Katholiek","0736417465","","Kooikersweg","303","5223KE","'S-HERTOGENBOSCH","401","41081019"
"(V)SO","74803","Stichting Adelante Onderwijs","Onderstestraat","29","6301KA","VALKENBURG LB","0994","VALKENBURG AAN DE GEUL","Rooms-Katholiek","0455282600","www.adelante-zorggroep.nl","Postbus","88","6430AB","HOENSBROEK","136","41076594"
"(V)SO","75778","Stichting R.K. Mytylschool Roosendaal","Gezellelaan","13","4707CC","ROOSENDAAL","1674","ROOSENDAAL","Rooms-Katholiek","0165558200","www.mytylschoolroosendaal.nl","Gezellelaan","13","4707CC","ROOSENDAAL","413","41102659"
"(V)SO","76689","Stichting Orthopedagogische Onderwijsinstell. Arnhem e.o.","Vossenstraat","6","6811JL","ARNHEM","0202","ARNHEM","Algemeen bijzonder","0263537480","www.deonderwijsspecialisten.nl","Postbus","821","6800AV","ARNHEM","673","41046803"
"(V)SO","77456","Stichting Vrijescholen Athena","Hofstraat","8","7411PD","DEVENTER","0150","DEVENTER","Antroposofisch","0570612459","www.vsathena.nl","Postbus","749","7400AS","DEVENTER","722","41027158"
"(V)SO","82253","Stichting Emiliusschool","Nieuwstraat","72","5691AE","SON EN BREUGEL","0848","SON EN BREUGEL","Algemeen bijzonder","0499494242","","Nieuwstraat","72","5691AE","SON EN BREUGEL","947","41088958"
"(V)SO","82292","Stichting Hub Noord-Brabant","Waterleidingstraat","4","5244PE","ROSMALEN","0796","S HERTOGENBOSCH","Algemeen bijzonder","0735231190","www.hubnoordbrabant.nl","Postbus","460","5240AL","ROSMALEN","401","41081783"
"(V)SO","83189","Stichting Speciaal Onderwijs Twente en Oost Gelderland","Schoollaan","3","7271NS","BORCULO","1859","BERKELLAND","Rooms-Katholiek","0545372259","www.sotog.nl","Postbus","58","7270AB","BORCULO","722","41039546"
"(V)SO","84202","Stg. Chr. Spec.-/Voortg. Ond. vd Noordoostpolder en omgeving","Europalaan","148","8303GM","EMMELOORD","0171","NOORDOOSTPOLDER","Protestants-Christelijk","0527612545","www.zonnebloemschool.nl","Europalaan","148","8303GM","EMMELOORD","706","41022421"
"(V)SO","85256","Stichting Yulius Onderwijs","Dennenhout","1","2994GC","BARENDRECHT","0489","BARENDRECHT","Algemeen bijzonder","0884056401","www.yulius.nl","Postbus","1001","3300BA","DORDRECHT","","24292563"
"(V)SO","85269","Stichting Zuiderbos","Carillonlaan","3","5261LT","VUGHT","0865","VUGHT","Rooms-Katholiek","0736847060","www.zuiderbos.nl","Postbus","2214","5260CE","VUGHT","947","41082569"
"(V)SO","85581","Onderwijsstichting De Wijnberg","Postweg","88","5915HB","VENLO","0983","VENLO","Rooms-Katholiek","0773217650","www.dewijnberg.nl","Postbus","242","5900AE","VENLO","136","41063316"
"(V)SO","85775","Sticht. Epilepsie Instellingen Nederland","Achterweg","5","2103SW","HEEMSTEDE","0397","HEEMSTEDE","Protestants-Christelijk","0235588000","www.dewaterlelie.net","Postbus","540","2130AM","HOOFDDORP","","41222646"
"(V)SO","93744","Stichting Bartiméus Sonneheerdt","Driebergsestraatweg","44","3941ZX","DOORN","1581","UTRECHTSE HEUVELRUG","Protestants-Christelijk","0343526855","www.bartimeus.nl","Postbus","340","3940AH","DOORN","706","30147072"
"(V)SO","95863","Stichting Het Poortje Jeugdinrichtingen","Hoogeweg","9","9746TN","GRONINGEN","0014","GRONINGEN","Algemeen bijzonder","0508514666","www.hetpoortje.nu","Postbus","70013","9704AA","GRONINGEN","951","41009061"
"(V)SO","96240","Stg. Orthopedagogisch Centrum De Ambelt","Herfterlaan","39","8026RC","ZWOLLE","0193","ZWOLLE","Algemeen bijzonder","0384532074","www.ambelt.nl","Herfterlaan","39","8026RC","ZWOLLE","","41022735"
"SBAO","10249","Gemeente Emmen","Raadhuisplein","1","7811AP","EMMEN","0114","EMMEN","Openbaar","0591685555","www.openbaaronderwijsemmen.nl","Postbus","30001","7800RA","EMMEN","","01181973"
"SBAO","11711","Gemeente Noordenveld","Groene Zoom","16","9301SJ","RODEN","1699","NOORDENVELD","Openbaar","0504065780","www.onderwijs-noordenveld.nl","Postbus","21","9300AA","RODEN","947",""
"SBAO","13622","Stichting Openbaar Primair Onderwijs Haarlemmermeer","Wilhelminalaan","55","2132DV","HOOFDDORP","0394","HAARLEMMERMEER","Openbaar","0235640999","www.sopoh.eu","Wilhelminalaan","55","2132DV","HOOFDDORP","","34107734"
"SBAO","20281","Stichting Lucas Onderwijs","Saffierhorst","105","2592GK","'S-GRAVENHAGE","0518","S GRAVENHAGE","Samenwerking PC, RK","0703001100","www.lucasonderwijs.nl","Postbus","93231","2509AE","'S-GRAVENHAGE","034","41158916"
"SBAO","21881","Stichting Speciaal Onderwijs Amersfoort en Omstreken","Dorresteinseweg","7","3817GA","AMERSFOORT","0307","AMERSFOORT","Algemeen bijzonder","0334625065","www.stichtingso.nl","Dorresteinseweg","7","3817GA","AMERSFOORT","136","41188448"
"SBAO","23961","Stichting Primair Onderwijs Leudal en Thornerkwartier","In de Neerakker","2","6093JE","HEYTHUYSEN","1640","LEUDAL","Rooms-Katholiek","0475550449","www.spolt.nl","Postbus","3043","6093ZG","HEYTHUYSEN","401","41066900"
"SBAO","24597","Stichting Rotterdamse Verenig. van K.O.","Stationssingel","80","3033HJ","ROTTERDAM","0599","ROTTERDAM","Rooms-Katholiek","0104537500","www.rvko.nl","Postbus","4250","3006AG","ROTTERDAM","706","40342002"
"SBAO","25897","Stichting voor Chr. Speciaal Basisonderwijs Barneveld e.o.","Ds. E. Fransenlaan","1","3772TX","BARNEVELD","0203","BARNEVELD","Protestants-Christelijk","0342413856","www.devogelhorst.nl","Ds. E. Fransenlaan","1","3772TX","BARNEVELD","606","41047367"
"SBAO","26158","Stichting Fedra","Antillenstraat","21","1944XA","BEVERWIJK","0375","BEVERWIJK","Samenwerking PC, RK","0251217101","www.fedra.nl","Postbus","1148","1940EC","BEVERWIJK","136","41223035"
"SBAO","29810","Stichting Conexus","Panovenlaan","1","6525DZ","NIJMEGEN","0268","NIJMEGEN","Rooms-Katholiek","0243733960","www.conexus.nu","Panovenlaan","1","6525DZ","NIJMEGEN","","41055364"
"SBAO","30010","Stichting voor P.C.B.O. voor Amersfoort","Burg de Beaufortweg","16","3833AG","LEUSDEN","0327","LEUSDEN","Protestants-Christelijk","0334648065","www.pcboamersfoort.nl","Burg de Beaufortweg","16","3833AG","LEUSDEN","136","40507173"
"SBAO","30117","Sticht. Speciaal Onderwijs op Gereformeerde Grondslag","Hasselterdijk","33","8043PD","ZWOLLE","0193","ZWOLLE","Reformatorisch","0384226078","www.so-zwolle.nl","Hasselterdijk","33","8043PD","ZWOLLE","165","41023548"
"SBAO","30185","Stg. spec. ond. ref. gr.slag in de regio Zuid-Holland Zuid","Dorpsstraat-Oost","3-A","2991CR","BARENDRECHT","0489","BARENDRECHT","Protestants-Christelijk","0180611077","www.dewijngaardsbo.nl","Postbus","374","2990AJ","BARENDRECHT","165","41128128"
"SBAO","30240","Stichting QliQ Primair Onderwijs","Nieuwveld","61","5702HW","HELMOND","0794","HELMOND","Rooms-Katholiek","0492477960","www.qliqprimair.nl","Nieuwveld","61","5702HW","HELMOND","","41088197"
"SBAO","30582","Stg H3O v christ. peuterwerk kinderopv., prim./voortg. ond.","Kolfstraat","120","3311XL","DORDRECHT","0505","DORDRECHT","Protestants-Christelijk","0788905000","www.h3o.nl","Postbus","151","3300AD","DORDRECHT","","41120110"
"SBAO","30742","Stichting Samenwerkingsschool","Drs. F. Bijlweg","8-A","1784MC","DEN HELDER","0400","DEN HELDER","Algemeen bijzonder","0615312582","www.speciaalonderwijsdenhelder.nl","Postbus","6038","1780KA","DEN HELDER","","41240150"
"SBAO","30837","Ver. voor Chr. Spec. Onderwijs op Goeree-Overflakkee","Hobbemastraat","4","3241AD","MIDDELHARNIS","1924","GOEREE-OVERFLAKKEE","Protestants-Christelijk","0187485624","www.sbodewegwijzer.nl","Postbus","80","3360AB","SLIEDRECHT","136","40322665"
"SBAO","30852","Stg. v. Chr. (V) Spec. Ond. op Ref. Grondslag voor Gouda e.o","Hoogenburg","24","2804ZR","GOUDA","0513","GOUDA","Protestants-Christelijk","0182570004","www.beversluisschool.nl","Hoogenburg","24","2804ZR","GOUDA","165","41173328"
"SBAO","31384","'Stichting SKOzoK', Samen Koersen op zichtbare ok","Pastoor Jansenplein","21","5504BS","VELDHOVEN","0861","VELDHOVEN","Rooms-Katholiek","0402531201","www.skozok.nl","Pastoor Jansenplein","21","5504BS","VELDHOVEN","953","41087967"
"SBAO","32073","Stichting Christelijke Kindcentra Drenthe","Groningerstraat","96","9402LL","ASSEN","0106","ASSEN","Protestants-Christelijk","0592346801","www.ckcdrenthe.nl","Postbus","167","9400AD","ASSEN","951","40045606"
"SBAO","32177","Stichting Kiem Onderwijs","Meerloseweg","3","5402XH","UDEN","0856","UDEN","Rooms-Katholiek","0413332396","www.kiemuden.nl","Postbus","15","5400AA","UDEN","952","41081181"
"SBAO","32580","Stichting GOO Onderwijs","Valeriusstraat","33","5421TR","GEMERT","1652","GEMERT-BAKEL","Rooms-Katholiek","0880088500","www.zichtpo.nl","Postbus","157","5420AD","GEMERT","","41087693"
"SBAO","37663","Stichting Lijn 83 primair onderwijs","Picardie","32-A","6591JE","GENNEP","0907","GENNEP","Rooms-Katholiek","0485540939","www.lijn83po.nl","Postbus","184","6590AD","GENNEP","952","41062710"
"SBAO","38001","Samenwerkingsstichting Kans & Kleur","Stationsplein","1","6602BN","WIJCHEN","0296","WIJCHEN","Samenwerking Opb., RK, Alg. Bi","0246487890","www.kansenkleur.nl","Postbus","5","6600AA","WIJCHEN","","41056036"
"SBAO","40114","Stg. Prisma, stg. prot. chr. & oecumen. onderwijs in Almere","Randstad","2031","1314BC","ALMERE","0034","ALMERE","Algemeen bijzonder","0365346300","www.prisma-almere.nl","Postbus","10149","1301AC","ALMERE","706","41246349"
"SBAO","40278","Stichting Delta Onderwijs","Ridderstraat","34","4902AB","OOSTERHOUT NB","0826","OOSTERHOUT","Rooms-Katholiek","0162424551","www.delta-onderwijs.nl","Postbus","4318","4900CH","OOSTERHOUT NB","413","41105843"
"SBAO","40342","Verenig. v. P-C Basis Onderw. Smallingerland en omstreken","Leerweg","1","9202LE","DRACHTEN","0090","SMALLINGERLAND","Protestants-Christelijk","0512305780","www.pcbo-smalligerland.nl","Postbus","66","9200AB","DRACHTEN","","40005317"
"SBAO","40377","Stichting Unicoz onderwijsgroep","Bredewater","4","2715CA","ZOETERMEER","0637","ZOETERMEER","Protestants-Christelijk","0793208830","www.unicoz.nl","Bredewater","4","2715CA","ZOETERMEER","","40413085"
"SBAO","40378","Stg. Kath. en Prot.-Chr. Onderw. Eindhov. e.o.","Vonderweg","12","5616RM","EINDHOVEN","0772","EINDHOVEN","Algemeen bijzonder","0402595320","www.skpo.nl","Vonderweg","12","5616RM","EINDHOVEN","","41092835"
"SBAO","40517","Lowys Porquinstichting","Marslaan","1","4624CT","BERGEN OP ZOOM","0748","BERGEN OP ZOOM","Rooms-Katholiek","0164230166","www.lowysporquin.nl","Postbus","543","4600AM","BERGEN OP ZOOM","413","41106257"
"SBAO","40557","De Eenbes, Stichting Kathol., Prot.-Chr./Interc. Pr. Onderw.","Nieuwendijk","49-C","5664HB","GELDROP","1771","GELDROP-MIERLO","Samenwerking PC, RK","0402868115","www.eenbes.nl","Postbus","151","5660AD","GELDROP","947","41093053"
"SBAO","40631","Stichting De Onderwijsspecialisten","Vossenstraat","6","6811JL","ARNHEM","0202","ARNHEM","Samenwerking PC, RK, Alg. Bijz","0263537480","www.deonderwijsspecialisten.nl","Postbus","821","6800AV","ARNHEM","673","41051951"
"SBAO","40636","Stichting voor Christelijk Speciaal Basisonderwijs te Leeuwarden","Brandemeer","35","8918CT","LEEUWARDEN","0080","LEEUWARDEN","Protestants-Christelijk","0582662271","www.sbo-aquamarijn.nl","Postbus","6001","8902HA","LEEUWARDEN","780","40005701"
"SBAO","40676","Stichting Alberdingk Thijm Scholen","Emmastraat","58","1213AL","HILVERSUM","0402","HILVERSUM","Rooms-Katholiek","0356460088","www.atscholen.nl","Postbus","700","1200AS","HILVERSUM","","41194730"
"SBAO","40681","Stichting voor P-C Onderwijs B.waard, L.v.H.&A.&Langstr. eo","De Gaard","4","5146AW","WAALWIJK","0867","WAALWIJK","Protestants-Christelijk","0416333069","www.het-willem.nl","De Gaard","4","5146AW","WAALWIJK","401","41100627"
"SBAO","40706","Stichting St.-Christoffel","Kasteellaan","2","5281CP","BOXTEL","0757","BOXTEL","Rooms-Katholiek","0411611641","www.st-christoffel.nl","Postbus","281","5280AG","BOXTEL","","41085791"
"SBAO","40765","De Groeiling, Stg. katholiek interconfess. primair onderw.","Aalberseplein","5","2805EG","GOUDA","0513","GOUDA","Rooms-Katholiek","0182670051","www.degroeiling.nl","Aalberseplein","5","2805EG","GOUDA","098","41174298"
"SBAO","40788","Stichting ARLANTA","Altenastreek","66","9101BA","DOKKUM","0058","DONGERADEEL","Protestants-Christelijk","0519222045","www.arlanta.nl","Postbus","2","9100AA","DOKKUM","780","40005914"
"SBAO","40803","Onderwijsgroep Perspecto","Markt","1","4571BG","AXEL","0715","TERNEUZEN","Samenwerking Opb., PC, RK","0114347880","www.onderwijsgroepperspecto.nl","Markt","1","4571BG","AXEL","","41111058"
"SBAO","40812","Delta, stg. voor Katholiek en Prot.-Christ. prim. onderwijs","Beverweerdlaan","3","6825AE","ARNHEM","0202","ARNHEM","Rooms-Katholiek","0267600900","www.deltascholen.org","Postbus","2044","6802CA","ARNHEM","606","41053000"
"SBAO","40851","Stichting voor Christelijk Speciaal Onderwijs Groningen","Eenrumermaar","4","9735AD","GRONINGEN","0014","GRONINGEN","Protestants-Christelijk","0505718484","www.scsog.nl","Postbus","70130","9704AC","GRONINGEN","951","41013479"
"SBAO","40874","Stg. Samenwerk.best. voor KOPO Schijndel","Rietbeemdweg","16","5482JA","SCHIJNDEL","1948","MEIERIJSTAD","Rooms-Katholiek","0735432635","www.skoposschijndel.nl","Postbus","34","5480AA","SCHIJNDEL","","41081010"
"SBAO","40876","Stichting Respont","Edisonweg","39","4382NV","VLISSINGEN","0718","VLISSINGEN","Samenwerking Opb., PC, RK","0118745011","www.respont.nl","Postbus","313","4330AH","MIDDELBURG","136","41115349"
"SBAO","40888","Stichting Catent","Schrevenweg","6","8024HA","ZWOLLE","0193","ZWOLLE","Rooms-Katholiek","0383031844","www.catent.nl","Postbus","290","8000AG","ZWOLLE","780","41025409"
"SBAO","40894","mijnplein, stg. voor bijz. po in Salland","Monumentstraat","55-A","8102AK","RAALTE","0177","RAALTE","Samenwerking PC, RK, Alg. Bijz","0572352635","www.mijnplein.nl","Postbus","143","8100AC","RAALTE","780","41245328"
"SBAO","40901","Stichting SBO de Schilderspoort","Mercurion","36","6903PZ","ZEVENAAR","0299","ZEVENAAR","Algemeen bijzonder","0316527249","www.schilderspoort.nl","Postbus","159","7000AD","DOETINCHEM","744","09117684"
"SBAO","40928","Laurentius Stichting voor Kathol. Primair Onderwijs","Burgemeestersrand","59","2625NV","DELFT","0503","DELFT","Rooms-Katholiek","0152511440","www.laurentiusstichting.nl","Postbus","649","2600AP","DELFT","065","41160449"
"SBAO","40934","Vivente, Stichting voor Christel. Prim. Onderwijs","Rechterland","1","8024AH","ZWOLLE","0193","ZWOLLE","Protestants-Christelijk","0383556570","www.vivente.nu","Postbus","40220","8004DE","ZWOLLE","","40062744"
"SBAO","40945","CORDEO","Burg de Beaufortweg","16","3833AG","LEUSDEN","0327","LEUSDEN","Gereformeerd vrijgemaakt","0334324258","www.cordeoscholen.nl","Burg de Beaufortweg","16","3833AG","LEUSDEN","638","40125589"
"SBAO","40946","Stichting voor Chr. Prim. Onderw. CHRONO","Stelling","8-D","7773ND","HARDENBERG","0160","HARDENBERG","Protestants-Christelijk","0523272821","www.chronoscholen.nl","Stelling","8-D","7773ND","HARDENBERG","722","40062706"
"SBAO","40947","Sticht. kathol. bijz. onderw. Oisterwijk/Moergestel(St.BOOM)","Schoolstraat","5","5061XA","OISTERWIJK","0824","OISTERWIJK","Rooms-Katholiek","0135230833","www.stgboom.nl","Postbus","220","5060AE","OISTERWIJK","947","41098875"
"SBAO","40972","Stichting primair onderwijs Fluvius","Beverweerdlaan","3","6825AE","ARNHEM","0202","ARNHEM","Samenwerking PC, RK","0267600900","www.fluvius.nl","Postbus","2044","6802CA","ARNHEM","","09098635"
"SBAO","41008","Aloysius Stichting Onderwijs Jeugdzorg","Leidsevaart","2","2215RE","VOORHOUT","1525","TEYLINGEN","Rooms-Katholiek","0252434000","www.aloysiusstichting.nl","Postbus","98","2215ZH","VOORHOUT","136","28079229"
"SBAO","41012","Stichting Confessioneel Primair Onderwijs Waterland","Wielingenstraat","111","1441ZN","PURMEREND","0439","PURMEREND","Samenwerking PC, RK","0299479699","www.cpow.nl","Postbus","42","1440AA","PURMEREND","706","36053128"
"SBAO","41018","Stichting Fortior,","Wylrehofweg","11","5912PM","VENLO","0983","VENLO","Samenwerking PC, RK","0773210002","www.fortior.nl","Postbus","680","5900AR","VENLO","","12038468"
"SBAO","41047","Stichting SBO De Vlieger","Boerhaavelaan","298","2334EZ","LEIDEN","0546","LEIDEN","Samenwerking Opb., PC, RK, Alg","0715174664","www.sbodevlieger.nl","Boerhaavelaan","298","2334EZ","LEIDEN","098","28079982"
"SBAO","41127","Stichting Christelijke Scholengroep De Waard","Maseratilaan","14","3261NA","OUD-BEIJERLAND","0584","OUD-BEIJERLAND","Protestants-Christelijk","0186621461","www.csgdewaard.nl","Maseratilaan","14","3261NA","OUD-BEIJERLAND","","23091285"
"SBAO","41154","Stg. Chr. Prim. Onderwijs voor Veenendaal en omgeving","Landjuweel","16-5","3905PG","VEENENDAAL","0345","VEENENDAAL","Protestants-Christelijk","0318519076","www.cpov.nl","Landjuweel","16-5","3905PG","VEENENDAAL","606","30159181"
"SBAO","41194","St. v Prot. Chr. Prim. Onderw. De Vier Windstreken","Nieuwe Gouwe W.Z.","1","2802AN","GOUDA","0513","GOUDA","Protestants-Christelijk","0182526719","www.d4w.nl","Nieuwe Gouwe W.Z.","1","2802AN","GOUDA","","24297441"
"SBAO","41202","Stichting Scholengemeenschap Voor Vrijeschoolonderwijs","Wilhelminasingel","13-15","6524AJ","NIJMEGEN","0268","NIJMEGEN","Antroposofisch","0243820460","www.kgcnijmegen.nl","Wilhelminasingel","13-15","6524AJ","NIJMEGEN","953","09108917"
"SBAO","41223","Stichting Primair Onderwijs Deurne-Asten-Someren","Heikamperweg","7","5725AZ","HEUSDEN GEM ASTEN","0743","ASTEN","Samenwerking PC, RK","0493670603","www.prodas.nl","Heikamperweg","7","5725AZ","HEUSDEN GEM ASTEN","696","17124445"
"SBAO","41248","'Stg. voor Alg. Toegankelijk Onderwijs Eindhoven e.o.'","Odysseuslaan","2","5631JM","EINDHOVEN","0772","EINDHOVEN","Algemeen bijzonder","0402606710","www.salto-eindhoven.nl","Odysseuslaan","2","5631JM","EINDHOVEN","606","17132101"
"SBAO","41251","Agora, Stg. voor Bijzonder Prim. Onderw. in de Zaanstreek","Rosmolenstraat","30","1502PA","ZAANDAM","0479","ZAANSTAD","Samenwerking PC, RK","0752010101","www.agora.nu","Postbus","88","1500EB","ZAANDAM","215","34149420"
"SBAO","41274","Stichting Orthopedagogisch Instituut Deventer en Omgeving","Koningin Wilhelminalaan","9","7415KP","DEVENTER","0150","DEVENTER","Algemeen bijzonder","0570850000","www.pantarhei-sbo.nl","Koningin Wilhelminalaan","9","7415KP","DEVENTER","780","08100036"
"SBAO","41338","Stichting UN1EK onderwijs","Emmastraat","45","3134CG","VLAARDINGEN","0622","VLAARDINGEN","Overige","0104355611","www.UN1EK.nl","Postbus","3014","3130CA","VLAARDINGEN","","24290419"
"SBAO","41340","Stichting Samenwerkingsbestuur Primair Onderwijs Maas & Waal","Van Heemstraweg","53","6651KH","DRUTEN","0225","DRUTEN","Samenwerking Opb., PC, Alg. Bi","0487541022","www.spommaasenwaal.nl","Van Heemstraweg","53","6651KH","DRUTEN","","11054744"
"SBAO","41358","Scholengroep Perspectief","Loodzetter","7","9502EW","STADSKANAAL","0037","STADSKANAAL","Protestants-Christelijk","0599612612","www.scholengroepperspectief.nl","Loodzetter","7","9502EW","STADSKANAAL","715","02078858"
"SBAO","41361","Stichting Radius","Pyter Jurjensstrjitte","8","9051BS","STIENS","0080","LEEUWARDEN","Openbaar","0582539580","www.stichtingradius.nl","Postbus","31","9050AA","STIENS","940","01097904"
"SBAO","41373","MosaLira Stichting voor leren, onderwijs en opvoeding","Pastoor Habetsstraat","40-A","6217KM","MAASTRICHT","0935","MAASTRICHT","Overige","0433540133","www.mosalira.nl","Pastoor Habetsstraat","40-A","6217KM","MAASTRICHT","","14075552"
"SBAO","41375","Stichting openb. primair onderw. IJmond","Zeilmakerstraat","62","1991JC","VELSERBROEK","0453","VELSEN","Openbaar","0235201580","www.opoijmond.nl","Zeilmakerstraat","62","1991JC","VELSERBROEK","706","34183649"
"SBAO","41390","Stg. Openbaar Prim. Onderwijs Zoetermeer","Blauw-roodlaan","156","2718SK","ZOETERMEER","0637","ZOETERMEER","Overige","0793290825","www.opoz.nl","Blauw-roodlaan","156","2718SK","ZOETERMEER","947","27256285"
"SBAO","41396","LOGOS Stichting voor Protestant Christelijk Onderwijs","Meent","24","4141AC","LEERDAM","0545","LEERDAM","Protestants-Christelijk","0345637980","www.stichting-logos.nl","Meent","24","4141AC","LEERDAM","706","11056372"
"SBAO","41400","Stichting Openb. Primair Onderw. Utrecht","Orteliuslaan","871","3528BE","UTRECHT","0344","UTRECHT","Openbaar","0302652640","www.spoutrecht.nl","Postbus","9315","3506GH","UTRECHT","953","30189395"
"SBAO","41407","INOS, Stichting Katholiek Onderwijs Breda","Reduitlaan","31","4814DC","BREDA","0758","BREDA","Rooms-Katholiek","0765611688","www.inos.nl","Postbus","3513","4800DM","BREDA","","41102508"
"SBAO","41413","Stichting Openbaar Primair Onderwijs Noordoost Achterhoek","Korenbree","23","7271LH","BORCULO","1859","BERKELLAND","Openbaar","0545275166","www.oponoa.nl","Postbus","16","7270AA","BORCULO","744","08117581"
"SBAO","41414","Stichting RENN4","Donderslaan","157-A","9728KX","GRONINGEN","0014","GRONINGEN","Algemeen bijzonder","0503098888","www.renn4.nl","Postbus","8091","9702KB","GRONINGEN","","02075302"
"SBAO","41417","Stichting Specialisten in Passend Onderwijs","Noordersingel","1","3351ED","PAPENDRECHT","0590","PAPENDRECHT","Algemeen bijzonder","0786449734","www.spon.nu","Postbus","23","3350AA","PAPENDRECHT","136","24354004"
"SBAO","41424","Stg. Chr. Primair Onderwijs Betuwe & Bommelerwaard","Grotebrugse Grintweg","52","4005AJ","TIEL","0281","TIEL","Protestants-Christelijk","0344617122","www.cpob.nl","Postbus","167","4000AD","TIEL","413","11057274"
"SBAO","41436","Stichting Speciaal (basis) onderwijs Rijnstreek","Henry Dunantweg","11","2402NM","ALPHEN AAN DEN RIJN","0484","ALPHEN AAN DEN RIJN","","0172418740","www.sboopmaat.nl","Postbus","2032","2400CA","ALPHEN AAN DEN RIJN","706","28079749"
"SBAO","41438","Stg. Reg. Openb. Basisonderw. Surplus","De Verwachting","7","1761VM","ANNA PAULOWNA","1911","HOLLANDS KROON","Openbaar","0223203000","www.stichtingsurplus.nl","Postbus","79","1760AB","ANNA PAULOWNA","401","37109396"
"SBAO","41441","Stichting Librijn openbaar onderwijs","Papsouwselaan","119-D","2624AK","DELFT","0503","DELFT","Openbaar","0152512280","www.librijn.nl","Postbus","121","2600AC","DELFT","706","27263332"
"SBAO","41443","Stichting Invitare Openbaar Onderwijs","Molenstraat","19","5431BW","CUIJK","1684","CUIJK","Openbaar","0485310263","www.stichting-invitare.nl","Postbus","174","5430AD","CUIJK","","17160875"
"SBAO","41444","ACIS Stg. voor Openb. Primair Onderwijs Hoeksche Waard","Biezenvijver","5","3297GK","PUTTERSHOEK","0585","BINNENMAAS","Openbaar","0786295999","www.acishw.nl","Biezenvijver","5","3297GK","PUTTERSHOEK","413","24356117"
"SBAO","41454","Stg. Prot. Christ. Primair en interconf. P.O. regio Westland","Zuidweg","87","2671MP","NAALDWIJK","1783","WESTLAND","Protestants-Christelijk","0174526950","www.pcpow.nl","Postbus","265","2670AH","NAALDWIJK","706","27266193"
"SBAO","41461","Stichting Partners Primair Onderwijs De Link","Bantuinweg","45","3911MV","RHENEN","0340","RHENEN","Openbaar","0317313132","www.ppodelink.nl","Bantuinweg","45","3911MV","RHENEN","744","30197292"
"SBAO","41463","Stichting De Korenburg","Morsestraat","21-A","7101JA","WINTERSWIJK","0294","WINTERSWIJK","Algemeen bijzonder","0543512214","www.dekorenburg.nl","Morsestraat","21-A","7101JA","WINTERSWIJK","744","09142864"
"SBAO","41502","Stichting Openbaar Primair Onderwijs Goeree-Overflakkee","Emmastraat","11","3255BD","OUDE-TONGE","1924","GOEREE-OVERFLAKKEE","Openbaar","0187497800","www.sopogo.nl","Postbus","94","3255ZH","OUDE-TONGE","940","24370276"
"SBAO","41506","Innovo, Stichting voor Katholiek Onderwijs","Ruys de Beerenbroucklaan","29-A","6417CC","HEERLEN","0917","HEERLEN","Rooms-Katholiek","0455447144","www.innovo.nl","Postbus","2602","6401DC","HEERLEN","","14083568"
"SBAO","41514","Stichting Meerkring O.P.O. Amersfoort","Amsterdamseweg","41","3812RP","AMERSFOORT","0307","AMERSFOORT","Openbaar","0334799817","www.meerkring.nl","Amsterdamseweg","41","3812RP","AMERSFOORT","","32105796"
"SBAO","41516","Onderwijsstichting MOVARE","Heyendallaan","55-B","6464EP","KERKRADE","0928","KERKRADE","Overige","0455466950","www.movare.nl","Postbus","12","6460AA","KERKRADE","947","14083755"
"SBAO","41518","Stichting 'Openbaar Primair Onderwijs Dordrecht'","Achterom","87","3311KB","DORDRECHT","0505","DORDRECHT","Openbaar","0786321616","www.opodordrecht.nl","Postbus","432","3300AK","DORDRECHT","","24374006"
"SBAO","41527","Stichting Klasse","Karnemelksloot","110","2806BJ","GOUDA","0513","GOUDA","Openbaar","0182622711","www.stichtingklasse.nl","Karnemelksloot","110","2806BJ","GOUDA","696","24378407"
"SBAO","41528","Fluenta Sticht. voor P.C.O. id regio Utrecht","Weverstede","33","3431JS","NIEUWEGEIN","0356","NIEUWEGEIN","Protestants-Christelijk","0306008811","www.fluenta.nl","Weverstede","33","3431JS","NIEUWEGEIN","","30203875"
"SBAO","41535","Stichting Wijzer in onderwijs","Burg Van Lierplein","77","3134ZB","VLAARDINGEN","0622","VLAARDINGEN","Openbaar","0104451000","www.wijzer.nu","Postbus","515","3100AM","SCHIEDAM","949","24379944"
"SBAO","41545","Stichting BLICK op onderwijs","Pelikaanweg","1","2903ER","CAPELLE AAN DEN IJSSEL","0502","CAPELLE AAN DEN IJSSEL","Openbaar","0851050230","www.blickoponderwijs.nl","Postbus","776","2900AT","CAPELLE AAN DEN IJSSEL","947","24384672"
"SBAO","41557","Stichting OBASE","Wevershoek","2","4301BN","ZIERIKZEE","1676","SCHOUWEN-DUIVELAND","Openbaar","0111418888","www.obase.nl","Postbus","91","4300AB","ZIERIKZEE","953","22059419"
"SBAO","41565","Stichting Consent","M.H. Tromplaan","47","7513AB","ENSCHEDE","0153","ENSCHEDE","Openbaar","0534884444","www.consent-enschede.nl","Postbus","40042","7504RA","ENSCHEDE","","08141207"
"SBAO","41566","Stichting Archipel","Hogestraatje","3","7201CJ","ZUTPHEN","0301","ZUTPHEN","Openbaar","0575596120","www.archipelprimair.nl","Postbus","4091","7200BB","ZUTPHEN","722","08141209"
"SBAO","41567","Stichting Primo Schiedam","Burg Van Lierplein","77","3134ZB","VLAARDINGEN","0622","VLAARDINGEN","Openbaar","0104260446","www.primoschiedam.nl","Postbus","515","3100AM","SCHIEDAM","949","24387235"
"SBAO","41570","'Stg. Onderw.gr PRIMOvpr, stg. Openb.Prim.Onderw. Voorne-Put","Gemeenlandsedijk Noord","26-A","3216AG","ABBENBROEK","1930","NISSEWAARD","Openbaar","0181391044","www.primovpr.nl","Gemeenlandsedijk Noord","26-A","3216AG","ABBENBROEK","168","24387549"
"SBAO","41572","'De Haagse Scholen', stg. voor primair & spec. openb. onderw","Johanna Westerdijkplein","1","2521EN","'S-GRAVENHAGE","0518","S GRAVENHAGE","Openbaar","0703065200","www.dehaagsescholen.nl","Postbus","61454","2506AL","'S-GRAVENHAGE","011","27308764"
"SBAO","41573","St.Openbaar Primair Onderwijs De Basis","Van Leeuwenhoekweg","10","8451CN","OUDESCHOOT","0074","HEERENVEEN","Openbaar","0513656656","www.debasisheerenveen.nl","Van Leeuwenhoekweg","10","8451CN","OUDESCHOOT","815","01111331"
"SBAO","41579","Sticht. Openbaar Basisonderw. Westelijke Tuinsteden","Thomas van Aquinostraat","2","1064NE","AMSTERDAM","0363","AMSTERDAM","Openbaar","0203460690","www.stwt.nl","Postbus","67106","1060JC","AMSTERDAM","222","34237721"
"SBAO","41580","AmstelWijs, stichting voor openbaar primair onderw.","Bouwerij","102","1185XX","AMSTELVEEN","0362","AMSTELVEEN","Openbaar","0204262460","www.amstelwijs.nl","Postbus","9159","1180MD","AMSTELVEEN","696","34238596"
"SBAO","41613","Stichting Openbaar Onderwijs Oost Groningen","Huningaweg","8","9682PB","OOSTWOLD GEM OLDAMBT","1895","OLDAMBT","Openbaar","0597453980","www.sooog.nl","Postbus","65","9670AB","WINSCHOTEN","706","02094022"
"SBAO","41616","Stichting Openb. Prim. Onderw. Apeldoorn","2e Wormenseweg","80","7331VG","APELDOORN","0200","APELDOORN","Openbaar","0555393750","www.leerplein055.nl","Postbus","10098","7301GB","APELDOORN","686","08155806"
"SBAO","41617","Stichting Scholengroep Veluwezoom","Doesburgsedijk","7","6953AK","DIEREN","0275","RHEDEN","Openbaar","0264979333","www.scholengroepveluwezoom.nl","Postbus","18","6990AA","RHEDEN","949","09161451"
"SBAO","41619","Stichting Speciaal Basisonderwijs Hertog van Brabantschool","Brabantlaan","75","5262JH","VUGHT","0865","VUGHT","Overige","0736840900","www.hertogvanbrabantschool.nl","Brabantlaan","75","5262JH","VUGHT","953","17193353"
"SBAO","41629","Stichting Promes","Industrieweg","1-B-1","7944HT","MEPPEL","0119","MEPPEL","Openbaar","0522278120","","Postbus","151","7940AD","MEPPEL","780","04083807"
"SBAO","41631","Stichting Comprix","Van Harenstraat","37","8471JC","WOLVEGA","0098","WESTSTELLINGWERF","Openbaar","0561691777","www.comperio.nl","Postbus","119","8470AC","WOLVEGA","940","01116729"
"SBAO","41632","Florion Vereniging voor Gereformeerd Primair Onderwijs","Campus","5","8017CB","ZWOLLE","0193","ZWOLLE","Gereformeerd vrijgemaakt","0382305001","www.florion.nl","Postbus","393","8000AJ","ZWOLLE","613","05083281"
"SBAO","41639","Stichting PROKIND scholengroep","Gemeenlandsedijk Noord","26-F","3216AG","ABBENBROEK","1930","NISSEWAARD","Openbaar","0181635439","www.prokind-scholengroep.nl","Gemeenlandsedijk Noord","26-F","3216AG","ABBENBROEK","168","24405279"
"SBAO","41645","De Basis, stichting voor openb primair onderwijs Arnhem","Beverweerdlaan","3","6825AE","ARNHEM","0202","ARNHEM","Openbaar","0267600900","www.debasisfluvius.nl","Postbus","2044","6802CA","ARNHEM","","09165987"
"SBAO","41646","Vereniging Gereformeerd Primair Onderwijs West-Nederland","'s-Molenaarsweg","1","2401LL","ALPHEN AAN DEN RIJN","0484","ALPHEN AAN DEN RIJN","Gereformeerd vrijgemaakt","0172418830","www.gpown.nl","'s-Molenaarsweg","1","2401LL","ALPHEN AAN DEN RIJN","098","28113126"
"SBAO","41671","Stichting EduCare,Chr.Speciaal Onderwijs te Harderwijk e.o.","Stationslaan","32","8071CM","NUNSPEET","0302","NUNSPEET","Protestants-Christelijk","0341452795","www.educare-harderwijk.nl","Postbus","170","8070AD","NUNSPEET","696","08157963"
"SBAO","41676","Stichting Openbaar Onderwijs Almere","Randstad 20","31","1314BC","ALMERE","0034","ALMERE","Openbaar","0365406363","www.almeersescholengroep.nl","Postbus","60276","1320AH","ALMERE","626","39100741"
"SBAO","41692","Stichting Swalm en Roer voor Onderwijs en Opvoeding","Roerderweg","35","6041NR","ROERMOND","0957","ROERMOND","Samenwerking Opb., PC, RK, Alg","0475345830","www.swalmenroer.nl","Postbus","606","6040AP","ROERMOND","401","12068855"
"SBAO","41716","Stichting Sirius","Schonerwoerdstraat","1-A","1107GA","AMSTERDAM","0363","AMSTERDAM","Openbaar","0203116464","www.stichting-sirius.nl","Schonerwoerdstraat","1-A","1107GA","AMSTERDAM","638","34288072"
"SBAO","41735","Stichting Openbaar Primair Onderwijs Furore","Zetveld","38-B","9202LM","DRACHTEN","0090","SMALLINGERLAND","Openbaar","0512582600","www.opofurore.nl","Postbus","210","9200AE","DRACHTEN","780","01123270"
"SBAO","41774","'Samen tussen Amstel en IJ' Stg. Openbaar Prim. Onderwijs","Cruquiusweg","68","1019AH","AMSTERDAM","0363","AMSTERDAM","Openbaar","0207163460","www.staij.nl","Cruquiusweg","68","1019AH","AMSTERDAM","","34276889"
"SBAO","41775","Stichting BOOR","Schiekade","34","3032AJ","ROTTERDAM","0599","ROTTERDAM","Openbaar","0102540800","www.stichtingboor.nl","Postbus","23058","3001KB","ROTTERDAM","","24424572"
"SBAO","41780","Scholengroep Opron, stichting voor openbaar primair onderwijs","Schaepmanstraat","25","9645HC","VEENDAM","0047","VEENDAM","Openbaar","0599696390","www.opron.nl","Postbus","138","9640AC","VEENDAM","780","01123358"
"SBAO","41782","Stichting De Waarden","Kristallaan","1","4761ZC","ZEVENBERGEN","1709","MOERDIJK","Samenwerking PC, RK, Alg. Bijz","0168404502","www.dewaarden.nl","Kristallaan","1","4761ZC","ZEVENBERGEN","","20135347"
"SBAO","41787","Stichting Accent","Plein-Zuid","6","7121EX","AALTEN","0197","AALTEN","Protestants-Christelijk","0543478444","www.accentscholengroep.nl","Postbus","253","7120AG","AALTEN","744","09177747"
"SBAO","41816","Stichting Op Kop Openbaar Primair Onderwijs","Eendrachtsplein","1","8355DL","GIETHOORN","1708","STEENWIJKERLAND","Openbaar","0521362520","www.stichtingopkop.nl","Postbus","2225","8355ZJ","GIETHOORN","780","08178256"
"SBAO","41850","Sticht. Proloog Primair O.O. Leeuwarden","Fonteinland","11","8913CZ","LEEUWARDEN","0080","LEEUWARDEN","Openbaar","0582347520","www.proloog.nl","Fonteinland","11","8913CZ","LEEUWARDEN","940","01140506"
"SBAO","41852","Stichting Zaan Primair voor OP/Voortg. Spec. Onderw.","Ds Martin Luther Kingweg","206","1504DG","ZAANDAM","0479","ZAANSTAD","Openbaar","0756504888","www.zaanprimair.nl","Ds Martin Luther Kingweg","206","1504DG","ZAANDAM","222","34317620"
"SBAO","41853","Stichting Spaarnesant","Schipholpoort","2","2034MA","HAARLEM","0392","HAARLEM","Openbaar","0235430100","www.spaarnesant.nl","Postbus","800","2003RV","HAARLEM","","34317570"
"SBAO","41876","Stichting Openbaar Primair Onderwijs Rivierenland","Wethouder Schootslaan","5","4005VG","TIEL","0281","TIEL","Openbaar","0344633262","www.opo-r.nl","Wethouder Schootslaan","5","4005VG","TIEL","","30258935"
"SBAO","41879","Stichting Gewoon Speciaal","Galerijmuur","51","3991WX","HOUTEN","0321","HOUTEN","Overige","0306361530","www.gewoonspeciaal.com","Galerijmuur","51","3991WX","HOUTEN","136","30265539"
"SBAO","42486","Stichting Primair Onderwijs Groesbeek","Bredeweg","68","6562DG","GROESBEEK","1945","BERG EN DAL","Samenwerking Opb., PC, Alg. Bi","0243662260","www.spog.nl","Postbus","68","6560AB","GROESBEEK","606","41055637"
"SBAO","42510","Stichting Openbaar Onderwijs Groningen","Leonard Springerlaan","39","9727KB","GRONINGEN","0014","GRONINGEN","Openbaar","0503210300","www.openbaaronderwijsgroepgroningen.nl","Postbus","744","9700AS","GRONINGEN","804","01166995"
"SBAO","42514","Stichting Ronduit","Havinghastraat","22","1817DA","ALKMAAR","0361","ALKMAAR","Overige","0725147830","www.ronduitonderwijs.nl","Havinghastraat","22","1817DA","ALKMAAR","715","37159222"
"SBAO","42546","Stichting Odyssee 'Van Waterpoort tot Wad'","Bredyk","4","8601ZD","SNEEK","1900","SUDWEST-FRYSLAN","Openbaar","0515857020","www.odysseescholen.nl","Bredyk","4","8601ZD","SNEEK","940","51149680"
"SBAO","42552","Stichting scholengroep openbaar onderwijs Lelystad","Meenthoek","1","8224BS","LELYSTAD","0995","LELYSTAD","Openbaar","0320767700","www.stichtingschool.nl","Postbus","2451","8203AL","LELYSTAD","638","51350963"
"SBAO","42553","Stichting Openbaar Onderwijs Noord","Klaprozenweg","75-H","1033NN","AMSTERDAM","0363","AMSTERDAM","Openbaar","0208201410","www.innoord.nl","Klaprozenweg","75-H","1033NN","AMSTERDAM","638","51366010"
"SBAO","42558","Stichting openbaar primair en speciaal onderwijs Purmerend","Gedempte Singelgracht","18","1441AP","PURMEREND","0439","PURMEREND","Openbaar","0299820900","www.opso-purmerend.nl","Postbus","200","1440AE","PURMEREND","222","51133016"
"SBAO","42587","Stichting voor Christelijk Nationaal Schoolonderw Ede eo","Horapark","3","6717LZ","EDE GLD","0228","EDE","Protestants-Christelijk","0318619136","www.cnsede.nl","Postbus","8109","6710AC","EDE GLD","136","52795861"
"SBAO","42607","Stg. voor Ger. Prim. Onderwijs NoorderBasis","Industrieweg","22","9804TG","NOORDHORN","0056","ZUIDHORN","Gereformeerd vrijgemaakt","0505244500","www.noorderbasis.nl","Postbus","6","9800AA","ZUIDHORN","","54002036"
"SBAO","42623","Stichting Openbaar Onderwijs Zwolle en Regio","Dobbe","74","8032JX","ZWOLLE","0193","ZWOLLE","","0384555940","www.ooz.nl","Postbus","55","8000AB","ZWOLLE","","56004028"
"SBAO","42635","Stichting Trigoon","Eikstraat","36","1623LT","HOORN NH","0405","HOORN","","0229548575","www.leerzaam.nl","Postbus","353","1620AJ","HOORN NH","136","56888201"
"SBAO","42687","Stichting Elan","Hoflaan","10-A","1217EA","HILVERSUM","0402","HILVERSUM","Overige","0356852847","www.stichtingelan.nl","Hoflaan","10-A","1217EA","HILVERSUM","706","60701870"
"SBAO","42719","Stichting Plateau openbaar onderwijs Assen","Laak","1","9406HX","ASSEN","0106","ASSEN","Overige","","","Postbus","136","9400AC","ASSEN","706","64279715"
"SBAO","42761","Stichting Openbaar Basisonderwijs Hoogezand-Sappemeer","Gorecht-Oost","157","9603AE","HOOGEZAND","1952","MIDDEN-GRONINGEN","Openbaar","0598373737","","Postbus","75","9600AB","HOOGEZAND","136","70111537"
"SBAO","42787","Stichting SOCA","Winkelsteeg","6","7607AT","ALMELO","0141","ALMELO","Overige","","","Postbus","185","7620AD","BORNE","722","68961766"
"SBAO","43227","Stg. PCPO Capelle a.d. IJssel en Krimpen aan den IJssel","Kanaalweg","67","2903LR","CAPELLE AAN DEN IJSSEL","0502","CAPELLE AAN DEN IJSSEL","Protestants-Christelijk","0104512197","www.stichtingpcpo.nl","Kanaalweg","67","2903LR","CAPELLE AAN DEN IJSSEL","136","41126311"
"SBAO","43487","Stichting Oeverwal","Van Heemstraweg","53","6651KH","DRUTEN","0225","DRUTEN","Samenwerking Opb., PC, RK","0487524240","www.oeverwal.nl","Van Heemstraweg","53","6651KH","DRUTEN","","41055681"
"SBAO","44201","Onderwijsstichting KempenKind","Mortel","1","5521TP","EERSEL","0770","EERSEL","Rooms-Katholiek","0497516337","www.kempenkind.nl","Postbus","219","5520AE","EERSEL","947","41090030"
"SBAO","44397","Stichting Samenwerkingsbestuur Primair Onderw. Venray/Regio","Eindstraat","20","5801CR","VENRAY","0984","VENRAY","Samenwerking Opb., PC, RK, Alg","0478516215","www.spovenray.nl","Eindstraat","20","5801CR","VENRAY","","41062141"
"SBAO","45000","Stichting Primenius","Scholtenswijk","10","9665KN","OUDE PEKELA","0765","PEKELA","Rooms-Katholiek","0597676955","www.primenius.nl","Postbus","12","9665ZG","OUDE PEKELA","780","41015441"
"SBAO","45917","Vereniging voor Christel. Prim. Onderwijs","Anne Frankstraat","26","3207GA","SPIJKENISSE","1930","NISSEWAARD","Protestants-Christelijk","0181629298","www.vcpo-spijkenisse.nl","Anne Frankstraat","26","3207GA","SPIJKENISSE","168","40385022"
"SBAO","46724","Stichting LIMA voor K.P.O. in Oost Gelre","Hutteweg","113","7071BV","ULFT","1509","OUDE IJSSELSTREEK","Rooms-Katholiek","0315215009","www.stichtinglima.nl","Postbus","14","7070AA","ULFT","947","41038008"
"SBAO","47595","Stg. Protestants-Christelijk Basis- en Orthopedag. Onderw.","Elzendaal","15","3075LS","ROTTERDAM","0599","ROTTERDAM","Protestants-Christelijk","0104191300","www.pcbo.nl","Postbus","50529","3007JA","ROTTERDAM","092","41126540"
"SBAO","47920","Stichting Dynamiek Scholengroep","Expeditiestraat","3-A","5961PX","HORST","1507","HORST AAN DE MAAS","Samenwerking Opb., RK","0774678020","www.dynamiek.nu","Postbus","6162","5960AD","HORST","","41062711"
"SBAO","47959","Stichting voor Primair Onderwijs Regio Helden","Kerkstraat","32","5981CG","PANNINGEN","1894","PEEL EN MAAS","Rooms-Katholiek","0773079748","www.prisma-spo.nl","Postbus","7192","5980AD","PANNINGEN","","41062770"
"SBAO","48348","OPTIMUS stg. kath.,prot.-chr./ en interconfess. primair ond.","Molenstraat","19","5431BW","CUIJK","1684","CUIJK","Rooms-Katholiek","0485318910","www.optimusonderwijs.nl","Postbus","315","5430AH","CUIJK","","41081122"
"SBAO","50819","Meerderweert, Sticht. Primair Onderwijs Weert/Nederweert","Beatrixlaan","1","6006AH","WEERT","0988","WEERT","Rooms-Katholiek","0495750250","www.meerderweert.nl","Postbus","520","6000AM","WEERT","696","41066176"
"SBAO","52274","Stg voor Christelijk Primair Onderwijs Noordoostpolder","Distelstraat","1","8302BX","EMMELOORD","0171","NOORDOOSTPOLDER","Protestants-Christelijk","0527261263","www.scpo-nop.nl","Distelstraat","1","8302BX","EMMELOORD","780","40059753"
"SBAO","55303","Stg. Katholiek Primair Onderw. Etten-Leur","Lange Brugstraat","23","4871CL","ETTEN-LEUR","0777","ETTEN-LEUR","Rooms-Katholiek","0765030260","www.skpoel.net","Postbus","182","4870AD","ETTEN-LEUR","413","41103012"
"SBAO","58761","Stichting Katholiek Onderwijs Enschede","Moutlaan","31","7523MC","ENSCHEDE","0153","ENSCHEDE","Samenwerking PC, RK","0534349400","www.skoe.nl","Postbus","646","7500AP","ENSCHEDE","722","41027907"
"SBAO","60985","Stichting voor Christelijk Primair Onderwijs Lelystad","Meentweg","14-A","8224BP","LELYSTAD","0995","LELYSTAD","Protestants-Christelijk","0320767600","www.scpo-lelystad.nl","Postbus","223","8200AE","LELYSTAD","780","40059338"
"SBAO","60997","Stg. Alkmaarse Kath. Scholen, stg. kath., p-c/int.conf. ond.","Helderseweg","14","1815AB","ALKMAAR","0361","ALKMAAR","Rooms-Katholiek","0725403044","www.saks.nl","Helderseweg","14","1815AB","ALKMAAR","136","41238611"
"SBAO","61751","Stg. Christelijk Onderwijs Twenterand en Omstreken","Schoolstraat","5","7671GG","VRIEZENVEEN","1700","TWENTERAND","Protestants-Christelijk","0546578962","www.sco-t.nl","Postbus","89","7670AB","VRIEZENVEEN","722","40074084"
"SBAO","61778","Stg. Scholen v. Spec. Onderw. Oec. Grondslag id Gem. Dronten","Werfstraat","10","8251GP","DRONTEN","0303","DRONTEN","Algemeen bijzonder","0321315619","www.sbodriemaster.nl","Postbus","129","8250AC","DRONTEN","715","41022447"
"SBAO","62129","Stichting Volare","Groenelaantje","40","8072DD","NUNSPEET","0302","NUNSPEET","Algemeen bijzonder","0341253052","www.verschoorschool.nl","Postbus","425","8070AK","NUNSPEET","715","41035333"
"SBAO","62181","Stichting Aquila, stichting voor Christelijk Speciaal Onderwijs regio Ommen","De Schammelte","3","7731BL","OMMEN","0175","OMMEN","Protestants-Christelijk","0529451792","www.johanseckelommen.nl","Postbus","118","7730AC","OMMEN","722","40060527"
"SBAO","62662","Stichting Protestants Christelijk Onderwijs Utrecht","Kaap Hoorndreef","66","3563AW","UTRECHT","0344","UTRECHT","Protestants-Christelijk","0302723123","www.pcou.nl","Postbus","9419","3506GK","UTRECHT","674","41179972"
"SBAO","65287","Dr. Schaepmanstichting","Enschedesestraat","68","7551EP","HENGELO OV","0164","HENGELO","Rooms-Katholiek","0742424545","www.drschaepmanstichting.nl","Enschedesestraat","68","7551EP","HENGELO OV","722","41028016"
"SBAO","70002","Stichting Kalisto Boei. Basisonderwijs!","Pelmolenlaan","12","3447GW","WOERDEN","0632","WOERDEN","Rooms-Katholiek","0348408985","www.kalisto-basisonderwijs.nl","Postbus","2075","3440DB","WOERDEN","413","30154088"
"SBAO","70176","Stichting Christel. Onderwijs Haaglanden","Laan van Meerdervoort","70","2517AN","'S-GRAVENHAGE","0518","S GRAVENHAGE","Protestants-Christelijk","0703118787","www.scoh.nl","Postbus","18546","2502EM","'S-GRAVENHAGE","","41149716"
"SBAO","71008","Stichting Leerrijk!","Prof. Eykmanweg","7-B","5144ND","WAALWIJK","0867","WAALWIJK","Rooms-Katholiek","0416320768","www.leerrijk.nl","Prof. Eykmanweg","7-B","5144ND","WAALWIJK","949","41099580"
"SBAO","71488","Stg. v. Kath. Primair Onderw. Amersfoort en Omstreken","Amsterdamseweg","41","3812RP","AMERSFOORT","0307","AMERSFOORT","Rooms-Katholiek","0332570645","www.kpoa.nl","Postbus","930","3800AX","AMERSFOORT","","41188779"
"SBAO","71956","Stichting Primair Onderwijs de Linge","Polseweg","13","6851DA","HUISSEN","1705","LINGEWAARD","Rooms-Katholiek","0263179930","www.delinge.nl","Postbus","42","6850AA","HUISSEN","952","41055488"
"SBAO","72464","Stichting Chr. Spec. Onderwijs Apeldoorn","Mr. van Hasseltlaan","57","7316DK","APELDOORN","0200","APELDOORN","Protestants-Christelijk","0555889889","www.cso-apeldoorn.nl","Mr. van Hasseltlaan","57","7316DK","APELDOORN","606","40103192"
"SBAO","72853","Stichting Katholiek Onderwijs Volendam","Heideweg","2","1132DB","VOLENDAM","0385","EDAM-VOLENDAM","Rooms-Katholiek","0299399290","www.deskov.nl","Postbus","23","1130AA","VOLENDAM","291","41234200"
"SBAO","73114","Stichting Biezonderwijs","Generaal Smutslaan","11","5021XA","TILBURG","0855","TILBURG","Rooms-Katholiek","0135420364","www.sbozonnesteen.nl","Postbus","5134","5004EC","TILBURG","401","41095418"
"SBAO","73712","Stg. Katholiek en Interconf. Primair Onderwijs Veghel","Stadhuisplein","98","5461KS","VEGHEL","1948","MEIERIJSTAD","Rooms-Katholiek","0413310790","www.skipov.nl","Postbus","358","5460AJ","VEGHEL","696","41080082"
"SBAO","74049","Stichting Signum","Berlicumseweg","8-G","5248NT","ROSMALEN","0796","S HERTOGENBOSCH","Rooms-Katholiek","0738507850","www.signumonderwijs.nl","Postbus","104","5240AC","ROSMALEN","","41080912"
"SBAO","74154","Stichting Kath. Prim. Onderw. Roosendaal","Rector Hellemonsstraat","1-B","4702RG","ROOSENDAAL","1674","ROOSENDAAL","Rooms-Katholiek","0165567761","www.kporoosendaal.nl","Postbus","1754","4700BT","ROOSENDAAL","413","41102186"
"SBAO","74531","Stichting Kind en Onderwijs Rotterdam","Crooswijksesingel","18","3034CH","ROTTERDAM","0599","ROTTERDAM","Protestants-Christelijk","0104125101","www.kindenonderwijsrotterdam.nl","Postbus","22009","3003DA","ROTTERDAM","065","41125532"
"SBAO","75219","Stichting Kathol. Onderw. NO Twente","Lariksstraat","12","7572DE","OLDENZAAL","0173","OLDENZAAL","Rooms-Katholiek","0541351769","www.konot.nl","Postbus","369","7570AJ","OLDENZAAL","722","41027077"
"SBAO","75597","Kerobei, Stichting voor K/OPO Gem. Beesel, Maasbree en Venlo","Wylrehofweg","11","5912PM","VENLO","0983","VENLO","Samenwerking Opb., RK","0773968888","www.kerobei.nl","Postbus","1035","5900BA","VENLO","696","41062405"
"SBAO","76806","Stg. Katholiek Primair Onderw. Oost-Veluwe","Hoenderparkweg","61","7335GR","APELDOORN","0200","APELDOORN","Rooms-Katholiek","0555779799","www.veluwseonderwijsgroep.nl","Postbus","20250","7302HG","APELDOORN","","41042145"
"SBAO","77195","Katholieke Scholenstichting Utrecht (K.S.U.)","Kaap Hoorndreef","46-A","3563AV","UTRECHT","0344","UTRECHT","Rooms-Katholiek","0302642080","www.ksu-utrecht.nl","Postbus","9001","3506GA","UTRECHT","953","41177625"
"SBAO","77196","Vereniging voor Prot. Christ. Primair Onderwijs te Rijssen","Molenstraat","3","7462TK","RIJSSEN","1742","RIJSSEN-HOLTEN","Protestants-Christelijk","0548513813","www.pcporijssen.nl","Postbus","47","7460AA","RIJSSEN","715","40074649"
"SBAO","77338","Stg. Veldvest bijzond. onderw. in Veldhoven en omgeving","Pastoor Jansenplein","21","5504BS","VELDHOVEN","0861","VELDHOVEN","Rooms-Katholiek","0402531201","www.veldvest.nl","Pastoor Jansenplein","21","5504BS","VELDHOVEN","947","41087600"
"SBAO","77651","Stichting Samenwerking Nieuwegein","Dasseweide","1","3437WN","NIEUWEGEIN","0356","NIEUWEGEIN","Algemeen bijzonder","0306372144","www.sbo-evenaar.nl","Postbus","7107","3430JC","NIEUWEGEIN","136","30150509"
"SBAO","77690","Sticht. Kolom, Stichting voor Speciaal en Regulier Onderwijs","Jan Tooropstraat","136","1061AD","AMSTERDAM","0363","AMSTERDAM","Algemeen bijzonder","0205148080","www.kolom.net","Jan Tooropstraat","136","1061AD","AMSTERDAM","136","41197969"
"SBAO","77975","Stichting Trinamiek, stichting v kath, opb en alg-bijz primair en voortgezet ond","Boerhaaveweg","39","3401MN","IJSSELSTEIN UT","0353","IJSSELSTEIN","Rooms-Katholiek","0306868444","www.lekenijssel.nl","Postbus","377","3400AJ","IJSSELSTEIN UT","696","41177737"
"SBAO","80433","Stichting PIT-Onderwijs","Dr. Plesmanstraat","22","3331KH","ZWIJNDRECHT","0642","ZWIJNDRECHT","Protestants-Christelijk","0788200010","www.pit-ko.nl","Postbus","325","3330AH","ZWIJNDRECHT","065","40321947"
"SBAO","83163","Stg. Katholiek/Interconfess. (RK/PC) Onderwijs 'Sint Bavo'","Baan","47","2012DC","HAARLEM","0392","HAARLEM","Rooms-Katholiek","0235125900","www.stichtingsintbavo.nl","Postbus","3375","2001DJ","HAARLEM","706","41223733"
"SBAO","83280","Stichting Kindante, leren leren, leren leven","Dr. Nolenslaan","138","6136GV","SITTARD","1883","SITTARD-GELEEN","Samenwerking Opb., PC, RK, Alg","0464363366","www.kindante.nl","Dr. Nolenslaan","138","6136GV","SITTARD","","41071699"
"SBAO","84151","Stg. v. Spec. Onderw. op Geref. Grondsl. in Zeeland","Coxstraat","9","4421DC","KAPELLE","0678","KAPELLE","Protestants-Christelijk","","www.samuel.pcnweb.nl","Postbus","99","4420AC","KAPELLE","165","41113833"
"SBAO","84463","Stichting 'Tobiasschool Amsterdam'","Rietwijkerstraat","55","1059VX","AMSTERDAM","0363","AMSTERDAM","Algemeen bijzonder","0205797295","www.tobiasschool.nl","Rietwijkerstraat","55","1059VX","AMSTERDAM","401","41201651"
"SBAO","84515","St. Sp. Ow&V. Sp. Ow op Ger. Gr. in de Regio Veluwe","Schoutenstraat","113","3771CH","BARNEVELD","0203","BARNEVELD","Algemeen bijzonder","0342200300","www.rehobothoz.nl","Postbus","301","3770AH","BARNEVELD","165","41048562"
"SBAO","85255","Salomo, Stichting voor Christ. Primair Onderw. Z-Kennemerlan","Garenkokerskade","19","2013AJ","HAARLEM","0392","HAARLEM","Protestants-Christelijk","0237078380","www.salomoscholen.nl","Postbus","2018","2002CA","HAARLEM","136","40594957"
"SBAO","85321","Stichting voor Christelijk Spec. Basisonderwijs Sneek eo","Kaatsland","5-B","8608CX","SNEEK","1900","SUDWEST-FRYSLAN","Protestants-Christelijk","0515414110","www.sbo-sudwester.nl","Postbus","487","8600AL","SNEEK","","40003698"
"SBAO","85600","Stichting 'Ieder kind telt' Chr. Prim. Onderw. Hellendoorn","Jacob van Houtestraat","4","7442NC","NIJVERDAL","0163","HELLENDOORN","Protestants-Christelijk","0548616513","www.iederkindtelt.nl","Postbus","59","7440AB","NIJVERDAL","722","40077206"
"SBAO","86971","Stichting voor PCSO & VSO voor Kampen en omstreken","Marinus Postlaan","1-A","8264PB","KAMPEN","0166","KAMPEN","Protestants-Christelijk","0383312427","www.trimarankampen.nl","Marinus Postlaan","1-A","8264PB","KAMPEN","780","41022035"
"SBAO","95694","Stichting Haagsche Schoolvereeniging","Tarwekamp","3","2592XG","'S-GRAVENHAGE","0518","S GRAVENHAGE","Algemeen bijzonder","0703837730","www.hsvdenhaag.nl","Tarwekamp","3","2592XG","'S-GRAVENHAGE","136","41150342"
"SO","30198","Stichting Maashorst, Multif. Org. Jeugdzorg/Onderw.","Monseigneur Suijsstraat","8","5375AG","REEK","1685","LANDERD","Rooms-Katholiek","0486492949","www.stichtingmaashorst.nl","Postbus","14","5375ZG","REEK","","41081021"
"SO","32216","Stichting Entrea Jeugdzorg","Hengstdal","6","6574NA","UBBERGEN","1945","BERG EN DAL","Rooms-Katholiek","0243816111","www.entrea.nl","Postbus","10545","6500MB","NIJMEGEN","","41261288"
"SO","41448","Stichting de Bascule","Rijksstraatweg","145","1115AP","DUIVENDRECHT","0437","OUDER-AMSTEL","Overige","0208901906","www.debasculepi-scholen.nl","Postbus","303","1115ZG","DUIVENDRECHT","706","34200597"
"SO","42504","Stichting Openbaar Primair en Speciaal Onderwijs Leiden","Elisabethhof","21","2353EW","LEIDERDORP","0547","LEIDERDORP","Openbaar","0715247670","www.prooleiden.nl","Elisabethhof","21","2353EW","LEIDERDORP","098","27362850"
"VSO","20137","Stichting Speciaal Onderwijs de Bolster","Beelelaan","6","7383BH","VOORST GEM VOORST","0285","VOORST","Protestants-Christelijk","0575509270","www.debolster.nl","Beelelaan","6","7383BH","VOORST GEM VOORST","688","41039742"
"VSO","21712","Stichting 's Heeren Loo Zorggroep","Berkenweg","11","3818LA","AMERSFOORT","0307","AMERSFOORT","Protestants-Christelijk","0880370001","www.sheerenloo.nl","Postbus","647","3800AP","AMERSFOORT","954","41190166"
"VSO","30815","Stichting J.C. Pleysierschool","Dr. van Welylaan","4","2566ER","'S-GRAVENHAGE","0518","S GRAVENHAGE","Algemeen bijzonder","0703150000","www.pleysier.nl","Postbus","64602","2506CA","'S-GRAVENHAGE","098","41155107"
"VSO","36700","Stichting de Hoenderloo Groep","Kampheuvellaan","34","7351DA","HOENDERLOO","0200","APELDOORN","Algemeen bijzonder","0553788800","www.hoenderloo-groep.nl","Postbus","73","7350AB","HOENDERLOO","688","41038248"
"VSO","40367","Stichting Kristallis","Industrieweg","50","6541TW","NIJMEGEN","0268","NIJMEGEN","Algemeen bijzonder","0412626300","www.kristallis.nl","Postbus","53","6500AB","NIJMEGEN","688","41055938"
"VSO","41635","Stichting LSG-Rentray Onderwijs","Mettrayweg","25","7211LC","EEFDE","0262","LOCHEM","Protestants-Christelijk","0885477000","","Postbus","94","7200AB","ZUTPHEN","688","08153365"
"VSO","42605","Sticht. Beukenrode Onderw. v. interconfession. (RK/PC) spec.","Beukenrodelaan","2-C","3941ZP","DOORN","1581","UTRECHTSE HEUVELRUG","Samenwerking PC, RK","0343413883","www.beukenrodeonderwijs.nl","Postbus","17","3940AA","DOORN","136","51734745"
"VSO","42756","Stichting De Sprong","Valkenheide","41","3953MC","MAARSBERGEN","1581","UTRECHTSE HEUVELRUG","Algemeen bijzonder","0343431393","www.desprong.nl","Valkenheide","41","3953MC","MAARSBERGEN","","69095930"
"VSO","98229","VSO ZMOK de Sprengen Scholing & Training","Groteweg","5-13","8191JS","WAPENVELD","0246","HEERDE","Algemeen bijzonder","0578692280","","Postbus","6","8190AA","WAPENVELD","954","41038447"
