"BEVOEGD GEZAG NUMMER","BEVOEGD GEZAG NAAM","STRAATNAAM","HUISNUMMER-TOEVOEGING","POSTCODE","PLAATSNAAM","GEMEENTENUMMER","GEMEENTENAAM","DENOMINATIE","TELEFOONNUMMER","INTERNETADRES","STRAATNAAM CORRESPONDENTIEADRES","HUISNUMMER-TOEVOEGING CORRESPONDENTIEADRES","POSTCODE CORRESPONDENTIEADRES","PLAATSNAAM CORRESPONDENTIEADRES","ADMINISTRATIEKANTOORNUMMER","KVK-NUMMER"
"10028","Gemeente Ameland","Jelmeraweg","1","9162EA","BALLUM","0060","AMELAND","Openbaar","0519555555","www.ameland.nl","Postbus","22","9160AA","HOLLUM","951","01180264"
"10053","Gemeente Assen","Noordersingel","33","9401JW","ASSEN","0106","ASSEN","Openbaar","0592366911","","Postbus","91","7940AB","MEPPEL","780",""
"10867","Gemeente Terschelling","Burg van Heusdenweg","10-A","8881EB","WEST-TERSCHELLING","0093","TERSCHELLING","Openbaar","0562446244","www.terschelling.nl","Burg van Heusdenweg","10-A","8881EB","WEST-TERSCHELLING","951",""
"10869","Gemeente Texel","Haffelderweg","40","1791AS","DEN BURG","0448","TEXEL","Openbaar","0222363072","www.dehogeberg.nl","Postbus","153","1790AD","DEN BURG","638",""
"10907","Gemeente Veenendaal","Raadhuisplein","1","3901GA","VEENENDAAL","0345","VEENENDAAL","Openbaar","0318538538","www.veenendaal.nl","Postbus","1100","3900BC","VEENENDAAL","","50182544"
"12975","Stichting Openbaar Voortgezet Onderwijs Kampen Dronten","Noordweg","87","8262BP","KAMPEN","0166","KAMPEN","Openbaar","0383370600","www.almerecollege.nl","Postbus","1","8260AA","KAMPEN","799","64783294"
"13273","Stg. Openb. Voortgez. Onderw. Noord- en Midden-Drenthe","Mr Groen v Prinstererln","98","9402KG","ASSEN","0106","ASSEN","Openbaar","0592333130","www.dr.nassaucollege.nl","Postbus","186","9400AD","ASSEN","696","04068442"
"13278","Stichting Regionale Scholengemeenschap Enkhuizen","Boendersveld","3","1602DK","ENKHUIZEN","0388","ENKHUIZEN","Openbaar","0228350800","","Boendersveld","3","1602DK","ENKHUIZEN","696","37082660"
"13360","Stg. Minkema Voortgez. Onderw. in Woerd. e.o.","Minkemalaan","1","3446GL","WOERDEN","0632","WOERDEN","Openbaar","0348484100","www.minkema.nl","Postbus","2120","3440DC","WOERDEN","","30171389"
"13365","Stichting Waerdenborch","Haarstraat","14","7451CZ","HOLTEN","1742","RIJSSEN-HOLTEN","Openbaar","0548378383","www.waerdenborch.nl","Postbus","49","7450AA","HOLTEN","696","08093774"
"13554","De Geldere Onderwijsgroep Quadraam","Saturnus","7","6922LX","DUIVEN","0226","DUIVEN","Samenwerking Opb., PC, RK","0263208800","www.quadraam.nl","Postbus","7","6920AA","DUIVEN","","41053607"
"13555","Stichting voor Openbaar Voortgezet Onderwijs op Walcheren","Weyevlietplein","7-13","4385CH","VLISSINGEN","0718","VLISSINGEN","Openbaar","0118479400","www.nehalennia.nl","Postbus","69","4380AB","VLISSINGEN","696","41115393"
"13556","Onderwijsstichting Zelfstandige Gymnasia","Schipholpoort","2","2034MA","HAARLEM","0392","HAARLEM","Samenwerking Opb., PC, RK, Alg","0235517147","","Postbus","5233","2000CE","HAARLEM","","34102519"
"13563","Stichting Winkler Prins","Raadsgildenlaan","1","9646AA","VEENDAM","0047","VEENDAM","Openbaar","0598364656","www.winklerprins.nl","Postbus","190","9640AD","VEENDAM","",""
"13586","Stg. OSG Singelland, Openb. VO Smallingerland en omgeving","Van Haersmasingel","37","9201KN","DRACHTEN","0090","SMALLINGERLAND","Openbaar","0512582345","","Postbus","112","9200AC","DRACHTEN","","01080096"
"13603","Stg. openb. scholengemeenschap Piter Jelles","Elzenstraat","5","8924JN","LEEUWARDEN","0080","LEEUWARDEN","Openbaar","0588801104","www.piterjelles.nl","Postbus","9002","8903LA","LEEUWARDEN","868","01082181"
"13652","Stichting Openbaar Voortgezet Onderwijs Noord-Holland-Noord","Arubastraat","4","1825PV","ALKMAAR","0361","ALKMAAR","Openbaar","0725671067","www.sovon.nu","Postbus","9081","1800GB","ALKMAAR","","37085389"
"13678","Stichting voor Openbaar Voortgezet Onderwijs in Noordwest Friesland","Koningin Julianastraat","3","8862TA","HARLINGEN","0072","HARLINGEN","Openbaar","0517432900","","Koningin Julianastraat","3","8862TA","HARLINGEN","","01087027"
"13683","Schoolbestuur voor primair en voortgezet onderwijs tussen Lauwers en Eems-stg","Noorderstraat","13","9989AA","WARFFUM","1651","EEMSMOND","Openbaar","0595424955","www.lauwerseneems.nl","Postbus","10","9989ZG","WARFFUM","","02068659"
"13693","Stichting voor Openbaar Voortgezet Onderwijs van Wageningen en omstreken","Hollandseweg","9","6706KN","WAGENINGEN","0289","WAGENINGEN","Openbaar","0317465893","www.pantarijn.nl","Postbus","257","6700AG","WAGENINGEN","696","09113954"
"13709","Stichting O.R.S. Lek en Linge","Multatulilaan","6","4103NM","CULEMBORG","0216","CULEMBORG","Openbaar","0345512833","www.lekenlinge.nl","Postbus","461","4100AL","CULEMBORG","","11049184"
"13737","Stichting Openbaar Voortgezet Onderwijs Hoogeveen","Valkenlaan","1","7905AA","HOOGEVEEN","0118","HOOGEVEEN","Openbaar","0528268636","www.wolfsbos.nl","Postbus","199","7900AD","HOOGEVEEN","","04065081"
"13739","Stichting Regionale Scholengemeenschap (RSG)","Eisenhowerlaan","59","3844AS","HARDERWIJK","0243","HARDERWIJK","Openbaar","","www.rsgslingerboslevant.nl","Eisenhowerlaan","59","3844AS","HARDERWIJK","696","08081581"
"13749","Stichting Gemeentelijk Gymnasium Hilversum","Vaartweg","54","1217SV","HILVERSUM","0402","HILVERSUM","Openbaar","","","Vaartweg","54","1217SV","HILVERSUM","706","32088552"
"20151","Ver. Chr. Voortgezet Onderwijs te Rotterdam en omgeving","Henegouwerplein","14","3021PM","ROTTERDAM","0599","ROTTERDAM","Protestants-Christelijk","0102171399","www.cvo.nl","Postbus","2152","3000CD","ROTTERDAM","059","40342087"
"20187","Stichting voor Christelijk Voortgezet Onderwijs in het Gooi","Bisonlaan","1","1217GH","HILVERSUM","0402","HILVERSUM","Protestants-Christelijk","0356216517","www.cvogooi.nl","Postbus","153","1200AD","HILVERSUM","696","40517211"
"20281","Stichting Lucas Onderwijs","Saffierhorst","105","2592GK","'S-GRAVENHAGE","0518","S GRAVENHAGE","Samenwerking PC, RK","0703001100","www.lucasonderwijs.nl","Postbus","93231","2509AE","'S-GRAVENHAGE","034","41158916"
"21464","Stichting Joodse Scholengem.sch. J.B.O.","Noordbrabantstraat","15","1083BE","AMSTERDAM","0363","AMSTERDAM","Joods","0206444191","www.jbo.nl","Postbus","87058","1080JB","AMSTERDAM","222","41198667"
"23155","Sticht. voor Katholiek Onderw. Sint-Liduina","Van der Brugghenlaan","2","3118LA","SCHIEDAM","0606","SCHIEDAM","Rooms-Katholiek","0104706422","www.spieringshoek.nl","Postbus","255","3100AG","SCHIEDAM","136","41141440"
"26093","Stg. Kath. Scholengemeenschap Etten-Leur en omgeving","Stijn Streuvelslaan","42","4873EB","ETTEN-LEUR","0777","ETTEN-LEUR","Rooms-Katholiek","0765015905","www.k-s-e.nl","Postbus","159","4870AD","ETTEN-LEUR","","41102321"
"26157","Stichting Montessori Scholengemeenschap Amsterdam","Polderweg","3","1093KL","AMSTERDAM","0363","AMSTERDAM","Algemeen bijzonder","0205979888","www.msa.nl","Postbus","92048","1090AA","AMSTERDAM","325","41198980"
"26898","Het Amsterdams Lyceum","Valeriusplein","15","1075BJ","AMSTERDAM","0363","AMSTERDAM","Algemeen bijzonder","0205747744","www.amsterdamslyceum.nl","Valeriusplein","15","1075BJ","AMSTERDAM","222","40533287"
"28212","de Vrije School Noord en Oost Nederland","Industrieweg","85-1","7202CA","ZUTPHEN","0301","ZUTPHEN","Antroposofisch","0575533860","www.vsnon.nl","Postbus","4086","7200BB","ZUTPHEN","744","41038120"
"28394","Ver. v. Chr. Voortgez. Onderw. voor Zeeuwsch-Vlaanderen","Zeldenrustlaan","2","4535GZ","TERNEUZEN","0715","TERNEUZEN","Samenwerking PC, RK","0115694029","www.zsc.nl","Postbus","146","4530AC","TERNEUZEN","696","40302101"
"29187","Onderwijsstichting De Kempen","Tuinstraat","1","5531GK","BLADEL","1728","BLADEL","Rooms-Katholiek","0497361261","","Postbus","169","5530AD","BLADEL","514","41087363"
"29278","Stg. Kath. Voortgez. Onderwijs 'De Breul'","Arnhemse Bovenweg","98","3708AG","ZEIST","0355","ZEIST","Rooms-Katholiek","0306915604","www.de-breul.nl","Arnhemse Bovenweg","98","3708AG","ZEIST","","41179783"
"29850","Stichting voor Christelijk Praktijkonderwijs voor Hardenberg en omgeving","Verlengde Korte Steeg","18","7772RZ","HARDENBERG","0160","HARDENBERG","Protestants-Christelijk","0523265258","www.prohardenberg.nl","Verlengde Korte Steeg","18","7772RZ","HARDENBERG","951","41022656"
"30101","Stichting Voortgezet Onderwijs Regio Meierijstad","Putsteeg","4","5481XT","SCHIJNDEL","1948","MEIERIJSTAD","Rooms-Katholiek","0738200400","www.eldecollege.nl","Postbus","63","5480AB","SCHIJNDEL","","41082930"
"30582","Stg H3O v christ. peuterwerk kinderopv., prim./voortg. ond.","Kolfstraat","120","3311XL","DORDRECHT","0505","DORDRECHT","Protestants-Christelijk","0788905000","www.h3o.nl","Postbus","151","3300AD","DORDRECHT","","41120110"
"30742","Stichting Samenwerkingsschool","Drs. F. Bijlweg","8-A","1784MC","DEN HELDER","0400","DEN HELDER","Algemeen bijzonder","0615312582","www.speciaalonderwijsdenhelder.nl","Postbus","6038","1780KA","DEN HELDER","","41240150"
"30783","Ver. Chr. Voortg. Onderwijs Alblasserwaard West","Vijzellaan","4","3352VH","PAPENDRECHT","0590","PAPENDRECHT","Algemeen bijzonder","0786442040","www.delagewaard.nl","Postbus","1100","3350CC","PAPENDRECHT","136","40324053"
"30827","Stichting voor Praktijkonderw. in De Langstraat","Koetshuislaan","1","5146BA","WAALWIJK","0867","WAALWIJK","Algemeen bijzonder","0416333416","www.met-pro.nl","Postbus","88","5140AB","WAALWIJK","606","40272221"
"30882","Stichting Eduvier Onderwijsgroep","De Schans","1901","8231KM","LELYSTAD","0995","LELYSTAD","Algemeen bijzonder","0320252378","www.eduvier.nl","Postbus","2344","8203AH","LELYSTAD","606","41023804"
"31028","Stg. Christ. Voortg. Onderwijs Zwijndrechtse Waard","Develsingel","5","3333LD","ZWIJNDRECHT","0642","ZWIJNDRECHT","Protestants-Christelijk","0786194566","www.develsteincollege.nl","Postbus","377","3330AJ","ZWIJNDRECHT","065","40324154"
"31082","Stichting Katholiek Voortgezet Onderwijs Apeldoorn en omgeving","Hoenderparkweg","61","7335GR","APELDOORN","0200","APELDOORN","Rooms-Katholiek","0555779799","","Postbus","20250","7302HG","APELDOORN","","41040764"
"31087","Stichting Onderwijsgroep Tilburg","Stappegoorweg","183","5022DD","TILBURG","0855","TILBURG","Algemeen bijzonder","0135397090","www.onderwijsgroeptilburg.nl","Postbus","1330","5004BH","TILBURG","","41097408"
"31107","Stichting ROC West-Brabant","Trivium","74","4873LP","ETTEN-LEUR","0777","ETTEN-LEUR","Samenwerking Opb., PC, RK, Alg","0765048000","www.rocwb.nl","Postbus","699","4870AR","ETTEN-LEUR","469","41105340"
"31108","Stichting Agrar. Opleidingscentrum Terra","Hereweg","101","9721AA","GRONINGEN","0014","GRONINGEN","Algemeen bijzonder","0505292929","www.terra.nl","Postbus","17","9700AA","GRONINGEN","","41011947"
"31126","Stichting Nordwin College","Gardeniersweg","2","8933AA","LEEUWARDEN","0080","LEEUWARDEN","Algemeen bijzonder","0582534000","www.nordwincollege.nl","Postbus","675","8901BL","LEEUWARDEN","","41003711"
"31127","Stichting STC-Group","Lloydstraat","300","3024EA","ROTTERDAM","0599","ROTTERDAM","Algemeen bijzonder","0104486000","www.stc-group.nl","Postbus","63140","3002JC","ROTTERDAM","","41131703"
"31137","Stg. Lentiz Onderwijsgroep, s.w.s. voor BVE/VO ih Wl/NWN","Schiedamsedijk","114","3134KK","VLAARDINGEN","0622","VLAARDINGEN","Algemeen bijzonder","0104349925","www.lentiz.nl","Postbus","3040","3130CA","VLAARDINGEN","","41146390"
"31142","Stichting Helicon Opleidingen","Kooikersweg","2","5223KA","'S-HERTOGENBOSCH","0796","S HERTOGENBOSCH","Algemeen bijzonder","0884354200","www.helicon.nl","Kooikersweg","2","5223KA","'S-HERTOGENBOSCH","593","41057901"
"31157","Stg. Chr. Spec. Vgz. Onderwijs op Reformatorische grondslag","Kamperstraatweg","1-A","8265PA","KAMPEN","0166","KAMPEN","Reformatorisch","0383325262","www.pieterzandt.nl","Postbus","296","8260AG","KAMPEN","763","41024360"
"31226","Stichting Eindhovens Christelijk Voortgezet Onderwijs","Rachmaninowlaan","2","5653AT","EINDHOVEN","0772","EINDHOVEN","Protestants-Christelijk","0402516221","www.huygenscollege.nl","Postbus","8827","5605LV","EINDHOVEN","","41091840"
"31231","Stichting Lauwers College","De Hoefslag","40","9285RV","BUITENPOST","0059","ACHTKARSPELEN","Protestants-Christelijk","0511542415","www.lauwerscollege.nl","Postbus","41","9285ZV","BUITENPOST","","40004932"
"31240","Willem Lodewijk Gymnasium","Verzetsstrijderslaan","220","9727CK","GRONINGEN","0014","GRONINGEN","Protestants-Christelijk","0505719500","","Verzetsstrijderslaan","220","9727CK","GRONINGEN","940","40023417"
"33372","Stichting voor Christelijk Voortgezet Onderwijs West-Brabant","Paul Krugerlaan","2","4818BC","BREDA","0758","BREDA","Protestants-Christelijk","0765330330","www.denassau.nl","Paul Krugerlaan","2","4818BC","BREDA","","40281156"
"33944","Verenig. Het 's-Gravenh. Christel. Gymnas. Sorghvliet","Johan de Wittlaan","22","2517JR","'S-GRAVENHAGE","0518","S GRAVENHAGE","Protestants-Christelijk","0703451577","www.gymnasium-sorghvliet.nl","Johan de Wittlaan","22","2517JR","'S-GRAVENHAGE","034","40408702"
"35647","Stichting Carmelcollege","Drienerparkweg","16","7552EB","HENGELO OV","0164","HENGELO","Rooms-Katholiek","0742455555","www.carmel.nl","Postbus","864","7550AW","HENGELO OV","731","41027871"
"36883","Sticht. chr. voortg. onderwijs reform. grondsl. 'De Wartburg","Smeetslandseweg","127","3079CR","ROTTERDAM","0599","ROTTERDAM","Reformatorisch","0180726650","www.wartburg.nl","Postbus","2062","2990DB","BARENDRECHT","","41125254"
"36921","Vereniging voor Christelijk VO te Harderwijk en omstreken","Stationslaan","26","3842LA","HARDERWIJK","0243","HARDERWIJK","Protestants-Christelijk","0341436170","www.ccnv.nl","Postbus","29","3840AA","HARDERWIJK","","40094296"
"37052","Stichting Erasmus College","van Doornenplantsoen","21","2722ZA","ZOETERMEER","0637","ZOETERMEER","Algemeen bijzonder","0793319204","www.erasmuscollege.nl","van Doornenplantsoen","31","2722ZA","ZOETERMEER","156","41150726"
"40003","Stg. voor Voortg. Onderwijs op Interconfessionele Grondslag","Apollolaan","262","2324BZ","LEIDEN","0546","LEIDEN","Samenwerking PC, RK","0715769243","www.vlietlandcollege.nl","Apollolaan","262","2324BZ","LEIDEN","098","41165223"
"40060","Stg. Open Oecumenische School Voortgezet Onderwijs Houten","De Slinger","48","3995DE","HOUTEN","0321","HOUTEN","Algemeen bijzonder","0306379944","www.heemlanden.nl","De Slinger","48","3995DE","HOUTEN","","41184936"
"40065","Ver. Chr. Voortgezet Onderwijs in Noord-Oost Friesland","Woudweg","140","9101VP","DOKKUM","0058","DONGERADEEL","Protestants-Christelijk","0519229600","www.dockingacollege.nl","Postbus","66","9100AB","DOKKUM","944","40005043"
"40075","Stg. v. Chr. Voortgez. Onderw. in Zuid-West Fryslân","Hemdijk","2","8601XH","SNEEK","1900","SUDWEST-FRYSLAN","Protestants-Christelijk","0515482464","www.cvo-zwfryslan.nl","Postbus","175","8600AD","SNEEK","836","40005051"
"40078","Stichting voor Christelijk VO voor de regio Oost Friesland","Leerweg","1","9202LE","DRACHTEN","0090","SMALLINGERLAND","Protestants-Christelijk","0512305700","www.csgliudger.nl","Postbus","715","9200AS","DRACHTEN","840","40004953"
"40094","De Willibrord St. v. rk, pc en Int.conf. Voortg. Ond. Utr. e","Kaap Hoorndreef","66","3563AW","UTRECHT","0344","UTRECHT","Samenwerking PC, RK","0302723123","www.willibrord-stichting.nl","Postbus","9419","3506GK","UTRECHT","674","30177360"
"40097","Stichting AOC de Groene Welle","Koggelaan","7","8017JN","ZWOLLE","0193","ZWOLLE","Algemeen bijzonder","0384671120","www.groenewelle.nl","Postbus","552","8000AN","ZWOLLE","","41024625"
"40125","Stichting Dorenweerd College","Dalweg","5","6865CZ","DOORWERTH","0274","RENKUM","Algemeen bijzonder","0263397030","www.dorenweerd.nl","Postbus","70","6865ZH","DOORWERTH","953","41050908"
"40132","Stg. Christelijk Voortgezet Onderwijs Zuidoost-Utrecht","Graaf Adolflaan","4","3708XB","ZEIST","0355","ZEIST","Protestants-Christelijk","0343489911","www.cvog.nl","Postbus","550","3700AN","ZEIST","","41265416"
"40143","Stg. Kath. Voortg. Onderwijs in het Dongemondgebied","Collegeweg","1","4942VC","RAAMSDONKSVEER","0779","GEERTRUIDENBERG","Rooms-Katholiek","0162513469","www.dongemondcollege.nl","Postbus","124","4940AC","RAAMSDONKSVEER","","41100324"
"40180","STICHTING MERIDIAAN COLLEGE kath. sch.gem. voortg. onderw.","Hooglandseweg-Noord","55","3813VD","AMERSFOORT","0307","AMERSFOORT","Rooms-Katholiek","0334613253","www.meridiaan-college.nl","Postbus","637","3800AP","AMERSFOORT","706","41189899"
"40209","Stichting voor Christelijk Voortgezet Onderwijs","Jozef Israelslaan","56","3443CT","WOERDEN","0632","WOERDEN","Protestants-Christelijk","0348417694","www.kalsbeek.nl","Postbus","145","3440AC","WOERDEN","037","40482085"
"40232","Stg. Alg. Bijz. Voortg. Ond. Eindhoven","Celebeslaan","20","5641AG","EINDHOVEN","0772","EINDHOVEN","Algemeen bijzonder","0402909420","www.lcl.nl","Celebeslaan","20","5641AG","EINDHOVEN","","41092817"
"40278","Stichting Delta Onderwijs","Ridderstraat","34","4902AB","OOSTERHOUT NB","0826","OOSTERHOUT","Rooms-Katholiek","0162424551","www.delta-onderwijs.nl","Postbus","4318","4900CH","OOSTERHOUT NB","413","41105843"
"40304","Ver. voor Chr. Voortgezet Onderwijs op Walcheren","Griffioenstraat","17","4334BK","MIDDELBURG","0687","MIDDELBURG","Protestants-Christelijk","0118652100","www.cswalcheren.nl","Postbus","541","4330AM","MIDDELBURG","696","40311143"
"40306","Stg. Algem. Bijzonder Onderw. Flevoland","Randstad","2031","1314BC","ALMERE","0034","ALMERE","Algemeen bijzonder","0365406363","www.almeersescholengroep.nl","Postbus","60276","1320AH","ALMERE","626","41246465"
"40310","Stichting Het Assink Lyceum","Bouwmeester","10","7481LP","HAAKSBERGEN","0158","HAAKSBERGEN","Algemeen bijzonder","0535730708","www.hetassink.nl","Postbus","157","7480AD","HAAKSBERGEN","","41030828"
"40320","Stichting Berechja College","Waaiershoek","46","8321BH","URK","0184","URK","Protestants-Christelijk","0527681237","","Waaiershoek","46","8321BH","URK","","40656346"
"40323","Ver. Gereformeerd Voortgezet Onderwijs v. Midden-Nederland","Paladijnenweg","251","3813DH","AMERSFOORT","0307","AMERSFOORT","Gereformeerd","0334792900","www.guido.nl","Postbus","401","3800AK","AMERSFOORT","","40507677"
"40334","Stg. Prot. Chr. Voortg. Ond. in Gouda en omgeving","Kanaalstraat","31","2801SH","GOUDA","0513","GOUDA","Protestants-Christelijk","0182516077","www.degoudsewaarden.nl","Kanaalstraat","31","2801SH","GOUDA","","40465720"
"40336","Stichting voor CVO in de regio Heerenveen en Joure","Ds Kingweg","1","8446KZ","HEERENVEEN","0074","HEERENVEEN","Protestants-Christelijk","0513801800","www.bornego.nl","Postbus","597","8440AN","HEERENVEEN","869","40005320"
"40339","Stichting voor Christel. VO in Noordwest-Friesland","Cort van der Lindenstr","1","8802RX","FRANEKER","1949","WAADHOEKE","Protestants-Christelijk","0517395900","www.annamaria.nl","Cort van der Lindenstr","1","8802RX","FRANEKER","951","40005312"
"40348","St. v. Prot. Chr. Onderwijs voor Almelo en omgeving","Ootmarsumsestraat","73","7602JR","ALMELO","0141","ALMELO","Protestants-Christelijk","0546581440","www.noordik.nl","Postbus","541","7600AM","ALMELO","696","41031071"
"40356","Ver. Chr. Voortgezet Onderwijs in de Hoeksche Waard","Randweg","2","3263RA","OUD-BEIJERLAND","0584","OUD-BEIJERLAND","Protestants-Christelijk","0186634340","www.dewillem.nl","Postbus","1390","3260AJ","OUD-BEIJERLAND","","40324545"
"40357","Stg. voor Chr. Voortgez. Ond. in Baarn/Soest","Noorderweg","79","3761EV","SOEST","0342","SOEST","Protestants-Christelijk","0356098200","","Postbus","316","3760AH","SOEST","","40507708"
"40365","Stichting voor bijzonder Voortgezet Onderw. Ubbo Emmius","Stationslaan","17","9503CA","STADSKANAAL","0037","STADSKANAAL","Samenwerking PC, RK","0599631920","www.ubboemmius.nl","Postbus","137","9500AC","STADSKANAAL","","40038715"
"40375","Sticht. Voortgezet Montessori Onderwijs Nijmegen en omstrek.","Kwakkenbergweg","27","6523MJ","NIJMEGEN","0268","NIJMEGEN","Algemeen bijzonder","0243283000","www.montessoricollege.nl","Postbus","146","6500AC","NIJMEGEN","752","41058588"
"40377","Stichting Unicoz onderwijsgroep","Bredewater","4","2715CA","ZOETERMEER","0637","ZOETERMEER","Protestants-Christelijk","0793208830","www.unicoz.nl","Bredewater","4","2715CA","ZOETERMEER","","40413085"
"40501","Stichting CITAVERDE College","Louis Eijssenweg","5","6049CD","HERTEN","0957","ROERMOND","Rooms-Katholiek","0475389160","www.citaverde.nl","Postbus","569","6040AN","ROERMOND","696","41068112"
"40505","Stichting voor Bijzonder Voortgezet Onderwijs Bilthoven","Jan Steenlaan","38","3723BV","BILTHOVEN","0310","DE BILT","Algemeen bijzonder","0302283060","www.hetnieuwelyceum.nl","Postbus","529","3720AM","BILTHOVEN","136","41186216"
"40517","Lowys Porquinstichting","Marslaan","1","4624CT","BERGEN OP ZOOM","0748","BERGEN OP ZOOM","Rooms-Katholiek","0164230166","www.lowysporquin.nl","Postbus","543","4600AM","BERGEN OP ZOOM","413","41106257"
"40530","Stichting voor Christelijk Onderwijs te Alphen aan den Rijn en omstreken","Prinses Beatrixlaan","4","2404XC","ALPHEN AAN DEN RIJN","0484","ALPHEN AAN DEN RIJN","Protestants-Christelijk","0172449500","www.scopescholen.nl","Postbus","166","2400AD","ALPHEN AAN DEN RIJN","169","40448185"
"40570","Stichting Christelijk Onderwijs Groningen","Eenrumermaar","4","9735AD","GRONINGEN","0014","GRONINGEN","Protestants-Christelijk","0505742766","www.csg.nl","Postbus","9475","9703LR","GRONINGEN","951","40026490"
"40586","Onderwijsstichting Esprit","Prinses Irenestraat","59","1077WV","AMSTERDAM","0363","AMSTERDAM","Algemeen bijzonder","0205854811","www.espritscholen.nl","Prinses Irenestraat","59","1077WV","AMSTERDAM","706","41213992"
"40588","Samenwerkingsstichting voor Voortgezet Onderwijs Uden","Schepenhoek","101","5403GA","UDEN","0856","UDEN","Samenwerking Opb., RK","0413283000","www.udenscollege.nl","Postbus","108","5400AC","UDEN","432","41085318"
"40590","Stichting v. Prot. Christelijk Voortgezet Onderwijs","Graaf Wichman","175","1276KD","HUIZEN","0406","HUIZEN","Protestants-Christelijk","0355248020","www.erfgooiers.nl","Postbus","163","1270AD","HUIZEN","696","41194591"
"40595","Stichting Katholiek Voortgezet Onderwijs Hulst","Zoutestraat","61-A","4561XA","HULST","0677","HULST","Rooms-Katholiek","0114381818","www.reynaert.nl","Postbus","32","4560AA","HULST","","41110959"
"40596","Stg. Prot. Chr. Voortg. Ond. voor Nijverdal-Rijssen e.o.","Noetselerbergweg","20","7441BK","NIJVERDAL","0163","HELLENDOORN","Protestants-Christelijk","0548533600","www.reggesteyn.nl","Postbus","120","7440AC","NIJVERDAL","597","41031514"
"40608","Stichting Christelijke Scholengemeenschap Het Streek","Zandlaan","25","6717LN","EDE GLD","0228","EDE","Protestants-Christelijk","0318477100","www.hetstreek.nl","Postbus","460","6710BL","EDE GLD","724","41052378"
"40619","Stichting Praktijkonderwijs Roermond e.o.","Heinsbergerweg","192","6045CL","ROERMOND","0957","ROERMOND","Rooms-Katholiek","0475323437","www.pro-roermond.nl","Heinsbergerweg","192","6045CL","ROERMOND","401","41068142"
"40631","Stichting De Onderwijsspecialisten","Vossenstraat","6","6811JL","ARNHEM","0202","ARNHEM","Samenwerking PC, RK, Alg. Bijz","0263537480","www.deonderwijsspecialisten.nl","Postbus","821","6800AV","ARNHEM","673","41051951"
"40641","Stichting Isendoorn","Lage Weide","1","7231NN","WARNSVELD","0301","ZUTPHEN","Rooms-Katholiek","0575528222","www.isendoorn.nl","Postbus","1093","7230AB","WARNSVELD","696","41042047"
"40673","Stichting Clusius College","Drechterwaard","10-A","1824EX","ALKMAAR","0361","ALKMAAR","Algemeen bijzonder","0725147666","www.clusius.nl","Drechterwaard","10-A","1824EX","ALKMAAR","","41236238"
"40676","Stichting Alberdingk Thijm Scholen","Emmastraat","58","1213AL","HILVERSUM","0402","HILVERSUM","Rooms-Katholiek","0356460088","www.atscholen.nl","Postbus","700","1200AS","HILVERSUM","","41194730"
"40681","Stichting voor P-C Onderwijs B.waard, L.v.H.&A.&Langstr. eo","De Gaard","4","5146AW","WAALWIJK","0867","WAALWIJK","Protestants-Christelijk","0416333069","www.het-willem.nl","De Gaard","4","5146AW","WAALWIJK","401","41100627"
"40683","Sticht. Interconfess. (RK/PC) Voortgezet Onderwijs i.h. Gooi","Nieuwe 's-Gravelandseweg","38","1405HM","BUSSUM","1942","GOOISE MEREN","Samenwerking PC, RK","0356912245","","Postbus","345","1400AH","BUSSUM","696","41194715"
"40687","Stichting Aeres Groep","Bovenbuurtweg","27","6717XA","EDE GLD","0228","EDE","Protestants-Christelijk","0880207000","www.aeres.nl","Postbus","245","6710BE","EDE GLD","623","41246832"
"40692","Stichting Voortgezet Onderwijs in West Zeeuwsch-Vlaanderen","Nieuwstraat","50","4501BE","OOSTBURG","1714","SLUIS","Algemeen bijzonder","0117454555","www.zwincollege.nl","Postbus","32","4500AA","OOSTBURG","","41111031"
"40696","Stichting Gooise Scholen Federatie","Burg de Bordesstraat","82","1404GZ","BUSSUM","1942","GOOISE MEREN","Algemeen bijzonder","0356926700","www.gsf.nl","Postbus","50","1400AB","BUSSUM","035","41194761"
"40700","Stg. Andreas College voor CVO te Katwijk e.o.","Louise de Colignylaan","2","2224VT","KATWIJK ZH","0537","KATWIJK","Protestants-Christelijk","0714013128","www.andreascollege.nl","Postbus","48","2220AA","KATWIJK ZH","027","40448410"
"40716","Stg. Chr. Voortgezet Onderwijs voor Culemborg en Omgeving","Beethovenlaan","1","4102BM","CULEMBORG","0216","CULEMBORG","Algemeen bijzonder","0345639050","www.kwc-culemborg.nl","Postbus","7","4100AA","CULEMBORG","","41060415"
"40722","Stichting Vechtdal College","Burg Schuitestraat","3","7772BS","HARDENBERG","0160","HARDENBERG","Samenwerking PC, RK","0523281428","www.vechtdalcollege.nl","Postbus","40","7770AA","HARDENBERG","696","40062558"
"40724","Stichting Edudelta Onderwijsgroep","Stationspark","39","4462DZ","GOES","0664","GOES","Algemeen bijzonder","0113272250","www.edudelta.nl","Postbus","95","4460AB","GOES","696","41115275"
"40776","Stichting V.O. Amsterdam-Zuid","Beethovenplein","2","1077WM","AMSTERDAM","0363","AMSTERDAM","Samenwerking PC, RK","0206763868","www.svoaz.nl","Jan van Eijckstraat","47","1077LH","AMSTERDAM","706","41215482"
"40784","Stg. Christ. Voortg. Onderwijs Reform. Grondsl. 'De Driestar","Ronsseplein","1","2803ZV","GOUDA","0513","GOUDA","Reformatorisch","0182691691","www.driestarcollege.nl","Postbus","148","2800AC","GOUDA","146","41174338"
"40810","Stichting Landstede","Rechterland","1","8024AH","ZWOLLE","0193","ZWOLLE","Samenwerking PC, RK, Alg. Bijz","0888508008","www.landstede.nl","Postbus","1","8000AA","ZWOLLE","","41025299"
"40842","Samenwerkingsstichting Voortgez. Onderw. regio Venlo","Hogeweg","26-A","5911EB","VENLO","0983","VENLO","Samenwerking RK, Alg. Bijz.","0773590500","www.ogvo.nl","Postbus","270","5900AG","VENLO","","41064644"
"40851","Stichting voor Christelijk Speciaal Onderwijs Groningen","Eenrumermaar","4","9735AD","GRONINGEN","0014","GRONINGEN","Protestants-Christelijk","0505718484","www.scsog.nl","Postbus","70130","9704AC","GRONINGEN","951","41013479"
"40854","Stichting ROC Summa College","Sterrenlaan","10","5631KA","EINDHOVEN","0772","EINDHOVEN","Algemeen bijzonder","0402694030","www.summacollege.nl","Postbus","6101","5600HC","EINDHOVEN","404","41093932"
"40856","Stichting Voortgez. Onderw. Gemert e.o.","Sleutelbosch","2","5421KZ","GEMERT","1652","GEMERT-BAKEL","Algemeen bijzonder","0492371220","www.commanderijcollege.nl","Postbus","58","5420AB","GEMERT","","41093963"
"40857","Stichting Purmerendse ScholenGroep","Flevostraat","257-.","1442PX","PURMEREND","0439","PURMEREND","Algemeen bijzonder","0299413366","www.psg.nl","Postbus","659","1440AR","PURMEREND","","41236445"
"40876","Stichting Respont","Edisonweg","39","4382NV","VLISSINGEN","0718","VLISSINGEN","Samenwerking Opb., PC, RK","0118745011","www.respont.nl","Postbus","313","4330AH","MIDDELBURG","136","41115349"
"40922","Stichting voor Christ. Voortgez. Onderw.","Eperweg","34-A","8181EW","HEERDE","0246","HEERDE","Protestants-Christelijk","0578693411","www.noordgouw.nl","Postbus","178","8180AD","HEERDE","706","41042851"
"40928","Laurentius Stichting voor Kathol. Primair Onderwijs","Burgemeestersrand","59","2625NV","DELFT","0503","DELFT","Rooms-Katholiek","0152511440","www.laurentiusstichting.nl","Postbus","649","2600AP","DELFT","065","41160449"
"40930","Stichting 'Het Rhedens'","Kleiberglaan","1","6891DK","ROZENDAAL","0277","ROZENDAAL","Algemeen bijzonder","0313490900","www.hetrhedens.nl","Postbus","35","6950AA","DIEREN","696","41053606"
"40931","Stichting Scholen aan Zee","Drs. F. Bijlweg","10","1784MC","DEN HELDER","0400","DEN HELDER","Samenwerking Opb., PC, RK, Alg","0223540300","www.scholenaanzee.nl","Postbus","636","1780AP","DEN HELDER","284","41241888"
"40936","Stichting Strabrecht College","Grote Bos","2","5666AZ","GELDROP","1771","GELDROP-MIERLO","Algemeen bijzonder","0402867715","www.strabrecht.nl","Postbus","117","5660AC","GELDROP","511","41094298"
"40956","Stg. Openb. Scholengemeenschap Erasmus","Sluiskade Noordzijde","90","7602HW","ALMELO","0141","ALMELO","Openbaar","0546480800","www.osg-erasmus.nl","Postbus","341","7600AH","ALMELO","696","06085583"
"40979","Stichting Groen Onderwijs Oost Nederland","Hoeflingweg","9","7241CJ","LOCHEM","0262","LOCHEM","Algemeen bijzonder","0882620700","","Postbus","190","7240AD","LOCHEM","","09098652"
"40995","Stichting DaCapo","Rijksweg Zuid","70","6134AD","SITTARD","1883","SITTARD-GELEEN","Rooms-Katholiek","0464571687","www.dacapo-college.nl","Rijksweg Zuid","70","6134AD","SITTARD","452","14058342"
"40996","Stichting Trevianum","Bradleystraat","25","6135CV","SITTARD","1883","SITTARD-GELEEN","Rooms-Katholiek","0464201730","www.trevianum.nl","Postbus","211","6130AE","SITTARD","480","14060225"
"41009","Stichting voor Voortgezet Onderwijs Kennemerland","Westerplein","4-B","1901NA","CASTRICUM","0383","CASTRICUM","Algemeen bijzonder","0251258980","www.svok.nl","Postbus","371","1900AJ","CASTRICUM","744","34105554"
"41021","Iris, Stichting voor Christ. Voortgez. Onderw.","Koediefslaan","69","2101BT","HEEMSTEDE","0397","HEEMSTEDE","Protestants-Christelijk","0235483800","www.iris-cvo.nl","Postbus","41","2100AA","HEEMSTEDE","696","34105560"
"41054","St. Katholieke Scholengr. voor Voortg. Onderw. Best-Oirschot","Willem de Zwijgerweg","150","5684SL","BEST","0753","BEST","Rooms-Katholiek","0499336231","www.voboscholen.nl","Postbus","184","5680AD","BEST","513","17109461"
"41063","Openbare Stichting Scholengemeenschap Reigersbos","Ravenswaaipad","3","1106AW","AMSTERDAM","0363","AMSTERDAM","Openbaar","0205633050","www.sgreigersbos.nl","Ravenswaaipad","3","1106AW","AMSTERDAM","947","34109279"
"41070","Ds. Pierson Stichting voor Voortgezet Onderwijs","Geraert ter Borchstraat","1","5212CZ","'S-HERTOGENBOSCH","0796","S HERTOGENBOSCH","Protestants-Christelijk","0736442929","www.pierson.nl","Postbus","701","5201AS","'S-HERTOGENBOSCH","696","17109530"
"41071","Stg. v. Interconf./Alg. Bijz. voortgezet onderw. te R'dam eo","Henegouwerplein","16","3021PM","ROTTERDAM","0599","ROTTERDAM","Samenwerking PC, RK, Alg. Bijz","0104366766","www.lmc-vo.nl","Postbus","315","3000AH","ROTTERDAM","","24288721"
"41100","Stichting Wellant","Randhoeve","2-C","3992XH","HOUTEN","0321","HOUTEN","Algemeen bijzonder","0306345100","www.wellantcollege.nl","Postbus","177","3990DD","HOUTEN","","27177194"
"41142","de Passie, stichting voor Evang. Bijb.getr. Onderw.","Paardenhoeve","82","3992PK","HOUTEN","0321","HOUTEN","Evangelisch","0883372700","www.depassiescholen.nl","Paardenhoeve","82","3992PK","HOUTEN","696","41189431"
"41143","Stichting rsg de Borgen","Hereweg","101","9721AA","GRONINGEN","0014","GRONINGEN","Algemeen bijzonder","0505292929","www.rsgdeborgen.nl","Postbus","17","9700AA","GRONINGEN","","02066630"
"41152","Stichting Openb. Voortgez. Onderw. Tiel","Teisterbantlaan","2","4006EB","TIEL","0281","TIEL","Openbaar","0344640150","www.rsglingecollege.nl","Postbus","224","4000AE","TIEL","696","11045515"
"41158","Stichting voor Christ. VMBO v. Harderwijk en omstreken.","De Sypel","2","3842AE","HARDERWIJK","0243","HARDERWIJK","Samenwerking PC, RK","0341439050","www.vmboharderwijk.nl","Postbus","1","8000AA","ZWOLLE","606","08082657"
"41161","Stichting Scholengroep Pontes","Bergweg","14","4461NB","GOES","0664","GOES","Openbaar","0113212930","www.pontes.nl","Postbus","370","4460AT","GOES","136","22043910"
"41163","Stichting Prakt.onderw. Leiden e.o.","Boerhaavelaan","345","2334EM","LEIDEN","0546","LEIDEN","Rooms-Katholiek","0715163636","www.hetwaterland.nl","Boerhaavelaan","345","2334EM","LEIDEN","098","28081949"
"41164","Stichting Praktijkonderwijs Regio Nijmegen","Dennenstraat","21","6543JP","NIJMEGEN","0268","NIJMEGEN","Algemeen bijzonder","0243222258","www.stichtingpro.nl","Postbus","158","6500AD","NIJMEGEN","952","09106945"
"41195","Samenw.stg. Scholengroep VO Noordoostpolder en Lemsterland","Prof. ter Veenstraat","5","8302GA","EMMELOORD","0171","NOORDOOSTPOLDER","Openbaar","0527635950","www.zuyderzeecollege.nl","Postbus","27","8300AA","EMMELOORD","","39071372"
"41202","Stichting Scholengemeenschap Voor Vrijeschoolonderwijs","Wilhelminasingel","13-15","6524AJ","NIJMEGEN","0268","NIJMEGEN","Antroposofisch","0243820460","www.kgcnijmegen.nl","Wilhelminasingel","13-15","6524AJ","NIJMEGEN","953","09108917"
"41203","Stichting Onderwijs Midden-Limburg","Heinsbergerweg","180","6045CK","ROERMOND","0957","ROERMOND","Samenwerking Opb., RK","0475322324","www.soml.nl","Postbus","975","6040AZ","ROERMOND","561","12041226"
"41208","Stichting Onderwijsgroep Amersfoort","De Brand","20","3823LJ","AMERSFOORT","0307","AMERSFOORT","Openbaar","0334701008","www.onderwijsgroepamersfoort.nl","Postbus","1771","3800BT","AMERSFOORT","","32075562"
"41211","Ons Middelbaar Onderwijs","Spoorlaan","171","5038CB","TILBURG","0855","TILBURG","Samenwerking PC, RK","0135955500","www.omo.nl","Postbus","574","5000AN","TILBURG","431","40258061"
"41217","Stichting Ceder Groep","De Cuserstraat","1","1081CK","AMSTERDAM","0363","AMSTERDAM","Protestants-Christelijk","0205456910","www.cedergroep.nl","De Cuserstraat","1","1081CK","AMSTERDAM","706","41216128"
"41219","Stichting voor Voortgezet Vrijeschoolonderwijs Noord-Holland","Fred. Roeskestraat","84","1076ED","AMSTERDAM","0363","AMSTERDAM","Antroposofisch","0205745830","www.ggca.nl","Postbus","77779","1070LJ","AMSTERDAM","136","34130234"
"41269","Stichting Christelijk Voortgezet Onderwijs in Apeldoorn en Omgeving","Hoenderparkweg","61","7335GR","APELDOORN","0200","APELDOORN","Protestants-Christelijk","0555779799","www.veluwseonderwijsgroep.nl","Postbus","20250","7302HG","APELDOORN","","08099770"
"41271","Stichting Roelof van Echten","Sportveldenweg","20","7902NX","HOOGEVEEN","0118","HOOGEVEEN","Protestants-Christelijk","0528358658","www.rvec.nl","Postbus","2152","7900BD","HOOGEVEEN","","04064771"
"41281","Stichting Scholengroep Rijk van Nijmegen","Toernooiveld","300","6525EC","NIJMEGEN","0268","NIJMEGEN","Samenwerking RK, Alg. Bijz.","0243522555","www.sgrvn.nl","Postbus","6687","6503GD","NIJMEGEN","","09124845"
"41285","Stichting Alliantie Voortgez. Onderw. v. Nijmegen","de Meeuwse Acker","2020","6546DZ","NIJMEGEN","0268","NIJMEGEN","Algemeen bijzonder","0243790158","www.alliantievo.nl","Postbus","6618","6503GC","NIJMEGEN","","09124577"
"41295","Stichting Voortgezet Onderwijs Steenwijkerland-Weststellingw","Stationsstraat","40","8331GK","STEENWIJK","1708","STEENWIJKERLAND","Algemeen bijzonder","0521512220","www.rsgtrompmeesters.nl","Postbus","168","8330AD","STEENWIJK","","05069588"
"41297","Stg. voor Protestants Christ. Voortgezet Onderwijs Eemland","J.P. Sweelinckstraat","4","3816PB","AMERSFOORT","0307","AMERSFOORT","Protestants-Christelijk","0334794040","www.meerwegen.nl","Postbus","194","3800AD","AMERSFOORT","642","32089520"
"41298","Stichting Scholengroep Spinoza Leidschendam en omstreken","V T v Serooskerkenstr","77-85","2273CD","VOORBURG","1916","LEIDSCHENDAM-VOORBURG","Samenwerking Opb., RK, Alg. Bi","0704199400","www.scholengroepspinoza.nl","Postbus","35","2270AA","VOORBURG","","27247262"
"41300","Stichting Christelijke Onderw. Groep Vallei&Gelderland-Midde","Reehorsterweg","80","6717LG","EDE GLD","0228","EDE","Algemeen bijzonder","0318455510","www.cog.nl","Postbus","78","6710BB","EDE GLD","646","09125963"
"41313","Stichting Prakt.onderw. 's-Hertogenbosch","Hedikhuizerweg","3","5222BC","'S-HERTOGENBOSCH","0796","S HERTOGENBOSCH","Rooms-Katholiek","0736217623","www.rijzert.nl","Hedikhuizerweg","3","5222BC","'S-HERTOGENBOSCH","413","17146450"
"41320","Stichting Dollard College","Hereweg","101","9721AA","GRONINGEN","0014","GRONINGEN","Algemeen bijzonder","0505292929","www.dollardcollege.nl","Postbus","17","9700AA","GRONINGEN","","02077743"
"41332","Stichting Openbaar Onderwijs Jan van Brabant","Molenstraat","191","5701KD","HELMOND","0794","HELMOND","Openbaar","0492525246","www.janvanbrabant.nl","Molenstraat","191","5701KD","HELMOND","947","17147263"
"41347","Vereniging voor Christelijk VO in Noord-Fryslân","Robert Kochstraat","6","8921VX","LEEUWARDEN","0080","LEEUWARDEN","Overige","0582347670","www.cvo-nf.nl","Postbus","193","8900AD","LEEUWARDEN","","01098068"
"41360","Stichting Voortgezet Onderwijs Haaglanden","De Ruijterstraat","36-D","2518AS","'S-GRAVENHAGE","0518","S GRAVENHAGE","Samenwerking Opb., Alg. Bijz.","0704262626","www.vohaaglanden.nl","De Ruijterstraat","36","2518AS","'S-GRAVENHAGE","061","27253825"
"41386","Stg. Openbaar Verenigd Onderw. in Gorinchem en de regio","Merwe Donk","10","4207XB","GORINCHEM","0512","GORINCHEM","Openbaar","0183650440","www.stichtingovo.nl","Merwe Donk","10","4207XB","GORINCHEM","696","11056465"
"41389","Stichting Openbaar Voortgezet Onderwijs Noordwijk","Duinwetering","107","2203HM","NOORDWIJK ZH","0575","NOORDWIJK","Overige","0713681840","www.northgo-college.nl","Postbus","429","2200AK","NOORDWIJK ZH","","28096079"
"41391","Stichting Limburgs Voortgezet Onderwijs","Mercator","1","6135KW","SITTARD","1883","SITTARD-GELEEN","Samenwerking Opb., PC, RK, Alg","0464201212","www.stichtinglvo.nl","Postbus","143","6130AC","SITTARD","468","14077279"
"41396","LOGOS Stichting voor Protestant Christelijk Onderwijs","Meent","24","4141AC","LEERDAM","0545","LEERDAM","Protestants-Christelijk","0345637980","www.stichting-logos.nl","Meent","24","4141AC","LEERDAM","706","11056372"
"41397","Stichting voor Openbaar Onderwijs in Dordrecht","Overkampweg","125","3318AN","DORDRECHT","0505","DORDRECHT","Openbaar","0786182978","www.dalton-dordrecht.nl","Postbus","8007","3301CA","DORDRECHT","706","24349808"
"41402","Stichting Scholengr. Den Haag Zuid-West","Beresteinlaan","627","2542JR","'S-GRAVENHAGE","0518","S GRAVENHAGE","Algemeen bijzonder","0703089898","www.sgzuidwest.org","Postbus","45648","2504BA","'S-GRAVENHAGE","","27259526"
"41403","Stichting Chr. Voortgez. Onderw. Zeeland","Bergweg","4","4461NB","GOES","0664","GOES","Samenwerking PC, RK","0113212020","www.ostrealyceum.nl","Postbus","444","4460AV","GOES","","22053128"
"41417","Stichting Specialisten in Passend Onderwijs","Noordersingel","1","3351ED","PAPENDRECHT","0590","PAPENDRECHT","Algemeen bijzonder","0786449734","www.spon.nu","Postbus","23","3350AA","PAPENDRECHT","136","24354004"
"41429","Stichting Ichthus College","Jan Ligthartstraat","1","8265CJ","KAMPEN","0166","KAMPEN","Protestants-Christelijk","0888508008","www.landstede.nl/voortgezetonderwijs.nl","Postbus","1","8000AA","ZWOLLE","728","05074011"
"41430","Stichting Agnieten College/De Boog","Prinses Julianastraat","66","8019AX","ZWOLLE","0193","ZWOLLE","Protestants-Christelijk","0888508008","www.landstede.nl/voortgezetonderwijs","Postbus","1","8000AA","ZWOLLE","728","05074008"
"41440","Stichting Christelijk Onderwijs Over-en Midden-Betuwe","De Heister","1","6681CV","BEMMEL","1705","LINGEWAARD","Samenwerking PC, RK","0481470555","www.sgomb.nl","Postbus","19","6680AA","BEMMEL","136","09139157"
"41442","Stichting RSG Magister Alvinus","Almastraat","5","8601EW","SNEEK","1900","SUDWEST-FRYSLAN","Overige","0515429760","www.rsg-sneek.nl","Postbus","341","8600AH","SNEEK","","01102489"
"41466","Stichting voor Praktijkonderw. Dordrecht","Anna van Saksenstraat","11","3314NC","DORDRECHT","0505","DORDRECHT","Algemeen bijzonder","0786324111","","Anna van Saksenstraat","11","3314NC","DORDRECHT","","24364163"
"41475","Stichting Openb. Voortg. Ond. Utrecht en Omstreken","Orteliuslaan","871","3528BE","UTRECHT","0344","UTRECHT","Openbaar","0302969040","www.nuovo.eu","Postbus","1415","3500BK","UTRECHT","","30199604"
"41490","Stichting Openbaar Voortgezet Onderwijs Ooststellingwerf","Quadoelenweg","29","8431LN","OOSTERWOLDE FR","0085","OOSTSTELLINGWERF","Openbaar","0516568500","www.stellingwerfcollege.nl","Postbus","86","8430AB","OOSTERWOLDE FR","","01106187"
"41509","Stichting Hondsrug College","Emmalaan","25-26","7822JB","EMMEN","0114","EMMEN","Protestants-Christelijk","0591657979","www.hondsrugcollege.nl","Postbus","66","7800AB","EMMEN","606","04074794"
"41512","Stichting Stedelijk Voortgezet Onderw. Zoetermeer","van Doornenplantsoen","1","2722ZA","ZOETERMEER","0637","ZOETERMEER","Openbaar","0793467711","www.ssvoz.nl","van Doornenplantsoen","1","2722ZA","ZOETERMEER","","27272712"
"41513","Stg. Johan de Witt-gymnasium te Dordrecht","Oranjepark","11","3311LP","DORDRECHT","0505","DORDRECHT","Openbaar","0786482626","www.jdw.nl","Oranjepark","11","3311LP","DORDRECHT","413","24372923"
"41525","Stichting Openbaar Voortgezet Onderwijs Gouda","Krugerlaan","20","2806EJ","GOUDA","0513","GOUDA","Openbaar","0182586890","www.stovog.nl","Postbus","2134","2800BG","GOUDA","018","24371937"
"41529","Stichting Praktijkonderwijs Emmen e.o.","Ullevi","22","7825SE","EMMEN","0114","EMMEN","Algemeen bijzonder","0591613310","www.praktijkschool-emmen.nl","Ullevi","22","7825SE","EMMEN","951","04076327"
"41537","Stg. Openb. Voortg. Onderwijs Alphen aan den Rijn","Kees Mustersstraat","6","2406LK","ALPHEN AAN DEN RIJN","0484","ALPHEN AAN DEN RIJN","Openbaar","0172423737","www.scalacollege.nl","Postbus","458","2400AL","ALPHEN AAN DEN RIJN","098","28106428"
"41545","Stichting BLICK op onderwijs","Pelikaanweg","1","2903ER","CAPELLE AAN DEN IJSSEL","0502","CAPELLE AAN DEN IJSSEL","Openbaar","0851050230","www.blickoponderwijs.nl","Postbus","776","2900AT","CAPELLE AAN DEN IJSSEL","947","24384672"
"41555","Stichting RSG ''t Rijks', st. reg. ovo Bergen op Zoom eo","Burg Stulemeijerlaan","24","4611EG","BERGEN OP ZOOM","0748","BERGEN OP ZOOM","Openbaar","0164242150","www.rsgrijks.nl","Burg Stulemeijerlaan","24","4611EG","BERGEN OP ZOOM","947","20122559"
"41556","Stichting Spinoza Lyceum Amsterdam","Peter van Anrooystraat","8","1076BH","AMSTERDAM","0363","AMSTERDAM","Openbaar","0205777444","www.spinoza20first.nl","Peter van Anrooystraat","8","1076BH","AMSTERDAM","940","34200189"
"41568","Stichting Openbare Scholengr. Vlaardingen Schiedam (OSVS)","Burg Van Lierplein","59","3134ZB","VLAARDINGEN","0622","VLAARDINGEN","Openbaar","0108503500","www.osvs.nl","Postbus","6040","3130DA","VLAARDINGEN","","24387240"
"41581","Stg. Openb. Voortgezet Onderw. Zaanstad","Paulus Potterhof","1","1506JX","ZAANDAM","0479","ZAANSTAD","Openbaar","0756401548","www.ovo-zaanstad.nl","Postbus","451","1500EL","ZAANDAM","","34239246"
"41585","Stg. voor Protestants Christ. Voortgez. Ondrw. De Meerwaarde","Rietberglaan","6","3771RD","BARNEVELD","0203","BARNEVELD","Algemeen bijzonder","0342404777","www.demeerwaarde.nl","Postbus","223","3770AE","BARNEVELD","","08142370"
"41587","Stichting Openbaar Voortgezet Onderwijs Roosendaal","Burg Schneiderlaan","2","4706EZ","ROOSENDAAL","1674","ROOSENDAAL","Openbaar","0165543871","www.jtc-roosendaal.nl","Postbus","1675","4700BR","ROOSENDAAL","947","20122937"
"41594","Stg. Onderwijsgroep Galilëi, Openb.Voortg.Ond.Voorne-Putten","Theemsweg","61","3201LT","SPIJKENISSE","1930","NISSEWAARD","Openbaar","0181650955","www.onderwijsgroepgalilei.nl","Postbus","121","3200AC","SPIJKENISSE","","24391113"
"41599","Stg. Kath. Ondernemersonderw. te Tilburg","Dr. Ahausstraat","1","5042EK","TILBURG","0855","TILBURG","Rooms-Katholiek","0135955600","www.derooipannen.nl","Postbus","1458","5004BL","TILBURG","","41095199"
"41608","Stichting Samenw.school ABVO IJburg","Pampuslaan","1","1087HP","AMSTERDAM","0363","AMSTERDAM","Overige","0203443000","www.ijburgcollege.nl","Pampuslaan","1","1087HP","AMSTERDAM","947","34224067"
"41616","Stichting Openb. Prim. Onderw. Apeldoorn","2e Wormenseweg","80","7331VG","APELDOORN","0200","APELDOORN","Openbaar","0555393750","www.leerplein055.nl","Postbus","10098","7301GB","APELDOORN","686","08155806"
"41622","Stichting Praktijkonderwijs De Brug","Wielkamp","1","5301DB","ZALTBOMMEL","0297","ZALTBOMMEL","Overige","0418540394","www.prodebrug.nl","Wielkamp","1","5301DB","ZALTBOMMEL","606","11065720"
"41623","Stichting Openbaar Voortgezet Onderwijs Tilburg","Tatraweg","80","5022DS","TILBURG","0855","TILBURG","Openbaar","0135436631","www.willem2.nl","Tatraweg","80","5022DS","TILBURG","","18085696"
"41636","Stichting Onderwijsgroep ZW-Drenthe","Ezingerweg","52","7943AZ","MEPPEL","0119","MEPPEL","Openbaar","0522263275","www.stadenesch.nl","Postbus","178","7940AD","MEPPEL","","04084016"
"41652","Stg. Openb. Voortgez. Onderw. Zeeuws-Vlaanderen","Oude Vaart","1","4537CD","TERNEUZEN","0715","TERNEUZEN","Openbaar","0115612155","www.derede.nl","Postbus","375","4530AJ","TERNEUZEN","696","22063121"
"41659","Stichting voor Voortgezet Onderwijs Lelystad","Lindelaan","99","8224KR","LELYSTAD","0995","LELYSTAD","Algemeen bijzonder","0320240500","www.svol.nl","Postbus","2310","8203AH","LELYSTAD","828","39098845"
"41664","Stichting Dunamare Onderwijsgroep","Diakenhuisweg","5","2033AP","HAARLEM","0392","HAARLEM","Samenwerking Opb., Alg. Bijz.","0235303600","www.dunamare.nl","Postbus","4470","2003EL","HAARLEM","696","34277470"
"41671","Stichting EduCare,Chr.Speciaal Onderwijs te Harderwijk e.o.","Stationslaan","32","8071CM","NUNSPEET","0302","NUNSPEET","Protestants-Christelijk","0341452795","www.educare-harderwijk.nl","Postbus","170","8070AD","NUNSPEET","696","08157963"
"41676","Stichting Openbaar Onderwijs Almere","Randstad 20","31","1314BC","ALMERE","0034","ALMERE","Openbaar","0365406363","www.almeersescholengroep.nl","Postbus","60276","1320AH","ALMERE","626","39100741"
"41737","Stichting O.V.O. Coevorden, Hardenberg eo/De Nieuwe Veste","Van Heeckerenlaan","2","7742AB","COEVORDEN","0109","COEVORDEN","Openbaar","0524593800","www.denieuweveste.nl","Postbus","240","7740AE","COEVORDEN","606","04088532"
"41738","Stg. Openb. Voortgez. Onderw. 'Willem de Zwijger College'","Van der Palmstraat","2","3351HA","PAPENDRECHT","0590","PAPENDRECHT","Openbaar","0786417970","www.wdezwijger.nl","Postbus","1105","3350CC","PAPENDRECHT","136","24426535"
"41750","Stg. Openbare Scholen Groep Sevenwolden","Ds Kingweg","10","8446KZ","HEERENVEEN","0074","HEERENVEEN","Openbaar","0513657385","www.osg.sevenwolden.nl","Postbus","592","8440AN","HEERENVEEN","","01123113"
"41752","Stg. Burgemeest. Harmsmaschool school openb. voortg. onderw.","Hendrik Ringenoldusstr","3","8401PV","GORREDIJK","0086","OPSTERLAND","Openbaar","0513463455","www.bhs.frl","Postbus","32","8400AA","GORREDIJK","","01123018"
"41769","Stichting voor Onderwijs op Reformatorische Grondslag","Utrechtseweg","226","3818ET","AMERSFOORT","0307","AMERSFOORT","Reformatorisch","0334680883","","Postbus","405","3800AK","AMERSFOORT","640","32124769"
"41775","Stichting BOOR","Schiekade","34","3032AJ","ROTTERDAM","0599","ROTTERDAM","Openbaar","0102540800","www.stichtingboor.nl","Postbus","23058","3001KB","ROTTERDAM","","24424572"
"41789","Stichting Gereformeerde Scholengroep","Lavendelweg","7","9731HR","GRONINGEN","0014","GRONINGEN","Overige","0505244500","www.gsg.nl","Postbus","935","9700AX","GRONINGEN","638","01123528"
"41804","Stichting Het Stedelijk Lyceum Enschede","Tiemeister","20","7541WG","ENSCHEDE","0153","ENSCHEDE","Openbaar","0534800000","www.hetstedelijk.nl","Postbus","3883","7500DW","ENSCHEDE","702","08175645"
"41815","Stichting Calvijn College","Klein Frankrijk","19","4461ZN","GOES","0664","GOES","Reformatorisch","0113211020","www.calvijncollege.nl","Postbus","362","4460AT","GOES","696","20140185"
"41824","Stichting OSG Hengelo","Welbergweg","90","7556PE","HENGELO OV","0164","HENGELO","Openbaar","0742919860","www.osghengelo.nl","Welbergweg","90","7556PE","HENGELO OV","696","08177914"
"41830","Stg. Openb. Voortgezet Onderw. Progresso (SOVOP)","Pieter Calandlaan","182","1068NT","AMSTERDAM","0363","AMSTERDAM","Openbaar","0206675353","www.sovop.nl","Postbus","96051","1006EB","AMSTERDAM","","34315033"
"41836","Stichting Apeldoorns Voortgezet Openbaar Onderwijs","Hoenderparkweg","61","7335GR","APELDOORN","0200","APELDOORN","Openbaar","0555393880","www.avoo.nl","Postbus","20017","7302HA","APELDOORN","744","08184378"
"41840","Sticht. Primair en voortgezet onderwijs Zuid-Nederland","Henegouwenlaan","2","5628WK","EINDHOVEN","0772","EINDHOVEN","Openbaar","0402645367","","Postbus","1310","5602BH","EINDHOVEN","696","17235549"
"41854","Samenwerkingstichting Voortgezet Onderwijs  ROCvA (VO)","Fraijlemaborg","141","1102CV","AMSTERDAM","0363","AMSTERDAM","Overige","0205791000","www.rocva.nl","Fraijlemaborg","141","1102CV","AMSTERDAM","",""
"41855","Samenwerkingsstichting Voortgezet Onderwijs ROCvA BVE","Fraijlemaborg","141","1102CV","AMSTERDAM","0363","AMSTERDAM","Overige","0205791000","","Fraijlemaborg","141","1102CV","AMSTERDAM","297",""
"41859","Sticht. Openbare Scholen Groep Schoonoord (OSG Schoonoord)","Blikkenburgerlaan","2","3703CV","ZEIST","0355","ZEIST","Openbaar","0306982140","www.osgs.nl","Postbus","16","3700AA","ZEIST","949","30250155"
"41864","Stichting Cambium College voor openbaar voortgezet onderwijs","Courtine","2","5301DH","ZALTBOMMEL","0297","ZALTBOMMEL","Openbaar","0418512500","www.cambium.org","Courtine","2","5301DH","ZALTBOMMEL","","30250204"
"41865","Stichting Regius College Schagen","Wilhelminalaan","4","1741CN","SCHAGEN","0441","SCHAGEN","Openbaar","0224297841","www.regiuscollege.nl","Postbus","282","1740AG","SCHAGEN","","37146619"
"41867","Stichting Openbaar Voortgezet Onderwijs Goeree-Overflakkee","Koningin Julianaweg","54","3241XC","MIDDELHARNIS","1924","GOEREE-OVERFLAKKEE","Openbaar","0187482777","","Koningin Julianaweg","54","3241XC","MIDDELHARNIS","940","24454846"
"41870","Stichting Isaac Beeckman Academie","Stationsstraat","51","4421AK","KAPELLE","0678","KAPELLE","Algemeen bijzonder","0204910018","www.isaacbeeckman.svpo.nl","Postbus","36026","1020MA","AMSTERDAM","","20135510"
"41877","Sticht. Open Oecum. School v. Mavo & Ber.ger. Onderw. Houten","Kruisboog","1","3994AE","HOUTEN","0321","HOUTEN","Openbaar","0306009165","www.hethoutens.nl","Kruisboog","1","3994AE","HOUTEN","947","30255592"
"41882","Stichting SintLucas","Torenallee","75","5617BB","EINDHOVEN","0772","EINDHOVEN","Samenwerking RK, Alg. Bijz.","0402591391","www.sintlucas.nl","Postbus","872","5600AW","EINDHOVEN","947","17254488"
"41883","Stichting Atlas College","Dampten","14","1624NR","HOORN NH","0405","HOORN","Openbaar","0229206020","www.atlascollege.nl","Dampten","14","1624NR","HOORN NH","","37153438"
"41889","Openb. Schol.gem. Esdal Coll./ Stg.Esdal Coll., SG openb. vg","Angelsloerdijk","13-C","7822HK","EMMEN","0114","EMMEN","Openbaar","0880009600","www.esdalcollege.nl","Postbus","2041","7801CA","EMMEN","","01162526"
"41890","Stichting Anna van Rijn College","Albatros","1","3435XA","NIEUWEGEIN","0356","NIEUWEGEIN","Openbaar","0306040900","www.annavanrijn.nl","Postbus","203","3430AE","NIEUWEGEIN","947","30272597"
"41897","Stichting Voortgezet Onderwijs De Vechtstreek","Schepersweg","6-A","3621JK","BREUKELEN UT","1904","STICHTSE VECHT","Samenwerking Opb., RK, Alg. Bi","0346258060","www.broklede.nl","Schepersweg","6-A","3621JK","BREUKELEN UT","947","30274039"
"42356","Sticht. Prot. Chr. Voortgezet Onderwijs Gem. Barneveld e.o.","Wethouder Rebellaan","135","3771KA","BARNEVELD","0203","BARNEVELD","Protestants-Christelijk","0342491469","www.jfc.nl","Postbus","108","3770AC","BARNEVELD","696","41047289"
"42505","Stichting Stedelijk Gymnasium Leiden","Fruinlaan","15","2313EP","LEIDEN","0546","LEIDEN","Openbaar","0715121365","www.gymnasiumleiden.nl","Fruinlaan","15","2313EP","LEIDEN","947","27362816"
"42506","Stichting Scholengroep Leonardo Da Vinci Leiden","Kagerstraat","7","2334CP","LEIDEN","0546","LEIDEN","Openbaar","0715154121","www.davinci-leiden.nl","Postbus","9032","2300PA","LEIDEN","098","27362846"
"42507","Stg. Katholiek Voortg. Onderw. Rotterdam","Alexandriestraat","40","3067MR","ROTTERDAM","0599","ROTTERDAM","Rooms-Katholiek","0104212144","www.emmauscollege.nl","Postbus","84137","3009CC","ROTTERDAM","134","41129306"
"42508","Sticht. Openb. Voortg. Onderw. Vlagtwedde","Oude Weg","41","9561LB","TER APEL","1950","WESTERWOLDE","Openbaar","0599581226","www.rsgterapel.nl","Postbus","47","9560AA","TER APEL","","01168266"
"42509","Stichting Staring College","Zutphenseweg","108","7241SE","LOCHEM","0262","LOCHEM","Openbaar","0573297297","www.staring.nl","Postbus","200","7240AE","LOCHEM","","08213565"
"42510","Stichting Openbaar Onderwijs Groningen","Leonard Springerlaan","39","9727KB","GRONINGEN","0014","GRONINGEN","Openbaar","0503210300","www.openbaaronderwijsgroepgroningen.nl","Postbus","744","9700AS","GRONINGEN","804","01166995"
"42529","Stg. Openb. Voortgezet Onderw. Noordoost-Veluwe","Schotweg","1","8162GM","EPE","0232","EPE","Openbaar","0578612094","www.rsgnov.nl","Postbus","419","8160AK","EPE","","08226403"
"42530","Stg. Openb. Voortgez. Onderw. Amstelveen","Sportlaan","27","1185TB","AMSTELVEEN","0362","AMSTELVEEN","Openbaar","0205032266","","Sportlaan","27","1185TB","AMSTELVEEN","696","34392212"
"42532","Stichting voor Openbaar Voortgezet Onderwijs Delft","Juniusstraat","8","2625XZ","DELFT","0503","DELFT","Openbaar","0158000002","www.grotiuscollege.nl","Postbus","470","2600AL","DELFT","696","27380098"
"42534","Stichting dr. Aletta Jacobs College","Laan van de Sport","4","9603TG","HOOGEZAND","1952","MIDDEN-GRONINGEN","Openbaar","0598350250","www.aletta.nl","Postbus","452","9600AL","HOOGEZAND","824","50274015"
"42544","Stg. Voortg. Ond. Prot. Chr. grondslag Noordoostpolder e.o.","Peppellaan","1","8302AL","EMMELOORD","0171","NOORDOOSTPOLDER","Protestants-Christelijk","0527634567","www.emelwerda.nl","Postbus","16","8300AA","EMMELOORD","715","50142321"
"42546","Stichting Odyssee 'Van Waterpoort tot Wad'","Bredyk","4","8601ZD","SNEEK","1900","SUDWEST-FRYSLAN","Openbaar","0515857020","www.odysseescholen.nl","Bredyk","4","8601ZD","SNEEK","940","51149680"
"42549","Stichting Openbaar Voortgez. Onderw. Ede","Koekeltse Boslaan","21","6715CW","EDE GLD","0228","EDE","Openbaar","0318624500","www.pallalsathenecollege.nl","Koekeltse Boslaan","21","6715CW","EDE GLD","947","51271958"
"42555","Stichting Krimpenerwaard College","Groene Wetering","1","2922CX","KRIMPEN AAN DEN IJSSEL","0542","KRIMPEN AAN DEN IJSSEL","Algemeen bijzonder","0180450113","www.kwcollege.nl","Groene Wetering","1","2922CX","KRIMPEN AAN DEN IJSSEL","696","51309351"
"42556","Stg. voor CVO op Ref. grondsl. te Gorinchem","Hoefslag","11","4205NK","GORINCHEM","0512","GORINCHEM","Reformatorisch","0183610361","www.gomarus.nl","Postbus","425","4200AK","GORINCHEM","","50378198"
"42568","Stichting Openbaar Voortgezet Onderwijs Hoeksche Waard","Biezenvijver","5","3297GK","PUTTERSHOEK","0585","BINNENMAAS","Openbaar","0786295999","www.ovohw.nl","Biezenvijver","5","3297GK","PUTTERSHOEK","413","51474727"
"42571","Stichting Achterhoek VO","Holterweg","119","7001EK","DOETINCHEM","0222","DOETINCHEM","Samenwerking Opb., Alg. Bijz.","0314394181","www.achterhoekvo.nl","Postbus","429","7000AK","DOETINCHEM","744","51614286"
"42575","Stg. Nuborgh College Prot.Chr. VO op de Noordwest-Veluwe","Kruidenlaan","1","8082CA","ELBURG","0230","ELBURG","Protestants-Christelijk","0525688199","www.nuborghcollege.nl","Postbus","27","8080AA","ELBURG","741","52338401"
"42590","Stichting voortgezet onderwijs Eemsdelta","Sikkel","3","9932BD","DELFZIJL","0010","DELFZIJL","Algemeen bijzonder","0596693693","www.eemsdeltacollege.nl","Postbus","173","9930AD","DELFZIJL","","53035887"
"42595","Stichting Open Schoolgemeenschap Bijlmer","Gulden Kruis","5","1103BE","AMSTERDAM","0363","AMSTERDAM","","0206909050","www.openschoolgemeenschapbijlmer.nl","Gulden Kruis","5","1103BE","AMSTERDAM","947","53250788"
"42606","Stichting voor Christelijk Praktijkonderwijs in Noord-Oost Friesland","Woudweg","140","9101VP","DOKKUM","0058","DONGERADEEL","Protestants-Christelijk","0519229600","","Postbus","66","9100AB","DOKKUM","944","54304040"
"42608","Stg tot Oprichting en Insth van Sch voor Chr Voortgezet Ondw te Schoonhoven","Kamerlingh Onnesdreef","4","2871JN","SCHOONHOVEN","1931","KRIMPENERWAARD","Protestants-Christelijk","0182390539","www.csgwillemdezwijger.nl","Postbus","119","2870AC","SCHOONHOVEN","","54147883"
"42618","Stichting openbaar voortgezet onderwijs Schoonhoven","Albert Plesmanstraat","4","2871HJ","SCHOONHOVEN","1931","KRIMPENERWAARD","Overige","0182385288","www.schoonhovenscollege.nl","Albert Plesmanstraat","4","2871HJ","SCHOONHOVEN","947","55627587"
"42620","Het Baken Almere, Stichting voor Interconfessioneel Voortgezet Onderwijs","Bunuellaan","4","1325PL","ALMERE","0034","ALMERE","Overige","0365238108","www.hetbaken.nl","Postbus","10015","1301AA","ALMERE","","55752004"
"42621","Stichting ZAAM, Interconfessioneel Voortgezet Onderwijs","Dubbelink","2","1102AL","AMSTERDAM","0363","AMSTERDAM","Overige","0207059600","","Postbus","12426","1100AK","AMSTERDAM","","55752330"
"42623","Stichting Openbaar Onderwijs Zwolle en Regio","Dobbe","74","8032JX","ZWOLLE","0193","ZWOLLE","","0384555940","www.ooz.nl","Postbus","55","8000AB","ZWOLLE","","56004028"
"42633","Stichting Coenecoop College","Oude Dreef","6","2741ST","WADDINXVEEN","0627","WADDINXVEEN","Overige","0182616055","www.coenecoopcollege.nl","Postbus","161","2740AD","WADDINXVEEN","696","56701667"
"42635","Stichting Trigoon","Eikstraat","36","1623LT","HOORN NH","0405","HOORN","","0229548575","www.leerzaam.nl","Postbus","353","1620AJ","HOORN NH","136","56888201"
"42639","Stichting Tjalling Koopmans College","Easter Omwei","7","9254GM","HURDEGARYP","0737","TYTSJERKSTERADIEL","Samenwerking RK, Alg. Bijz.","0511471712","www.tjallingkoopmans.svpo.nl","Postbus","36026","1020MA","AMSTERDAM","","01123477"
"42681","Ver. Stg./Inst.houd. Chr. Sch. Vgz. Onderwijs Goeree-Overfl.","Koningin Julianaweg","57","3241XB","MIDDELHARNIS","1924","GOEREE-OVERFLAKKEE","Protestants-Christelijk","0187482745","www.csgpm.nl","Postbus","181","3240AD","MIDDELHARNIS","136","40321861"
"42696","Stichting voor Islamitisch Voortgezet Onderwijs in Rotterdam e.o.","Schere","47","3085DT","ROTTERDAM","0599","ROTTERDAM","Islamitisch","0107900555","www.de-opperd.nl","Postbus","53290","3008HG","ROTTERDAM","949","59065141"
"42709","Stg Onderwijsgroep Zuid-Hollandse Waarden voor PO en VO","Hakwei","2","2992ZB","BARENDRECHT","0489","BARENDRECHT","Openbaar","0180642710","www.ozhw.nl","Postbus","206","2990AE","BARENDRECHT","","62127721"
"42716","Stichting De Amsterdamse MAVO & HAVO","Linnaeushof","48","1098KM","AMSTERDAM","0363","AMSTERDAM","Humanistisch","0207600030","www.deamsterdamsemavo.nl","Linnaeushof","48","1098KM","AMSTERDAM","744","59093455"
"42718","Stg Ida Gerhardt Academie","Kuipershof","4","4191KH","GELDERMALSEN","0236","GELDERMALSEN","RK,PC,GV,RE,EV,AN,HI,I,J,AB,HU","0204910016","www.idagerhardt.svpo.nl","Postbus","36026","1020MA","AMSTERDAM","","51134861"
"42748","Stichting Tjalling Koopmans College Utrecht","Weerdsingel W.Z.","20","3513BB","UTRECHT","0344","UTRECHT","Algemeen bijzonder","0204910017","www.svpo.nl","Postbus","36026","1020MA","AMSTERDAM","","67363431"
"42749","Stichting Tjalling Koopmans College Amsterdam","Meeuwenlaan","136","1022AM","AMSTERDAM","0363","AMSTERDAM","Algemeen bijzonder","0204910016","www.svpo.nl","Postbus","36026","1020MA","AMSTERDAM","","67366066"
"42752","Stichting Islamitisch Onderwijs","De Naritaweg","4090","1043BZ","AMSTERDAM","0363","AMSTERDAM","Islamitisch","0685478811","","Jacob Schorerlaan","50","2525ZA","'S-GRAVENHAGE","706","51143267"
"42765","Stichting Openbaar Onderwijs Vlieland","Cort van der Lindenstr","1","8802RX","FRANEKER","1949","WAADHOEKE","Openbaar","0517395900","https://www.annamaria.nl","Cort van der Lindenstr","1","8802RX","FRANEKER","951","71005633"
"42770","Stichting Voortgezet Onderwijs Zeeuws-Vlaanderen","Oude Vaart","1","4537CD","TERNEUZEN","0715","TERNEUZEN","Samenwerking PC, RK, Alg. Bijz","","","Oude Vaart","1","4537CD","TERNEUZEN","","71916873"
"42992","Stichting Katholiek Voortgezet Onderwijs Breda e.o./Skvob","van Riebeecklaan","2-SKVOB","4818EB","BREDA","0758","BREDA","Rooms-Katholiek","0765141405","www.skvob.nl","Postbus","4669","4803ER","BREDA","441","41102332"
"43239","Stichting Monseigneur Frencken","Slotlaan","40","4902AE","OOSTERHOUT NB","0826","OOSTERHOUT","Rooms-Katholiek","0162426355","www.frenckencollege.nl","Postbus","506","4900AM","OOSTERHOUT NB","947","41103031"
"43591","Ver. Gereformeerd Voortgezet Onderwijs Westelijk Nederland","Almeria-erf","8","3067WX","ROTTERDAM","0599","ROTTERDAM","Protestants-Christelijk","0102862930","www.gsr.nl","Valenciadreef","15","3067WL","ROTTERDAM","638","40341066"
"43837","Stg. Ger. Voortgez. Onderwijs Oost-Nederland","Campus","5","8017CB","ZWOLLE","0193","ZWOLLE","Gereformeerd","0384698698","www.greijdanus.nl","Postbus","393","8000AJ","ZWOLLE","613","40060269"
"44813","Stichting Onderwijsgroep Buitengewoon","Wylrehofweg","11","5912PM","VENLO","0983","VENLO","Algemeen bijzonder","0773559050","www.ogbuitengewoon.nl","Postbus","809","5900AV","VENLO","","41062151"
"45697","Stg. Kath. Praktijkonderwijs Amersfoort en Omstreken","Zangvogelweg","152","3815DR","AMERSFOORT","0307","AMERSFOORT","Rooms-Katholiek","0334723163","www.debaander.nl","Zangvogelweg","152","3815DR","AMERSFOORT","706","41188689"
"46594","Vereniging voor CVO in Noord- en Midden Drenthe","Selma Lagerloflaan","3","9406KB","ASSEN","0106","ASSEN","Protestants-Christelijk","0592390290","www.csvincentvangogh.nl","Postbus","226","9400AE","ASSEN","","40048355"
"46632","Stichting Scholengem.sch. Kennemer Lyc.","Adriaan Stoopplein","7","2051KA","OVERVEEN","0377","BLOEMENDAAL","Algemeen bijzonder","0235221060","www.kennemerlyceum.nl","Postbus","8","2050AA","OVERVEEN","136","41222612"
"46879","Stichting 'Het Rijnlands Lyceum'","Backershagenlaan","3","2243AB","WASSENAAR","0629","WASSENAAR","Algemeen bijzonder","0715730910","www.rijnlandslyceum.nl","Postbus","486","2240AL","WASSENAAR","","41150857"
"47711","Stichting Scholengemeenschap Montessori Lyceum Rotterdam","Schimmelpenninckstraat","17","3039KS","ROTTERDAM","0599","ROTTERDAM","Algemeen bijzonder","0104654022","www.rml.nl","Schimmelpenninckstraat","17","3039KS","ROTTERDAM","","41126715"
"48648","Stichting St.- Jozef M.A.V.O. te Vlaardingen","Willem de Zwijgerlaan","240","3136AX","VLAARDINGEN","0622","VLAARDINGEN","Rooms-Katholiek","0104744166","www.sjm.nl","Postbus","6004","3130DA","VLAARDINGEN","136","41141401"
"49155","Stg. Kath. Voortgezet Onderw. Nieuwegein/IJsselstein e.o.","Vreeswijksestraatweg","6-A","3432NA","NIEUWEGEIN","0356","NIEUWEGEIN","Rooms-Katholiek","0306036604","www.cals.nl","Postbus","128","3430AC","NIEUWEGEIN","947","41179498"
"49558","Stichting Voortgezet Onderwijs Amstelveen","Pandora","1","1183KK","AMSTELVEEN","0362","AMSTELVEEN","Algemeen bijzonder","0205032121","www.sgpantarhei.nl","Pandora","1","1183KK","AMSTELVEEN","","41198444"
"49701","Vereniging voor Christelijk Voortgezet Onderwijs","Paul Krugerweg","44-50","3851ZJ","ERMELO","0233","ERMELO","Protestants-Christelijk","0341274950","www.groevenbeek.nl","Postbus","210","3850AE","ERMELO","","40094198"
"49778","Stichting voor Interconfessioneel Voortgezet Onderwijs in Oost West Friesland","De Aanloop","6","1613KW","GROOTEBROEK","0532","STEDE BROEC","Samenwerking PC, RK","0228510300","www.martinuscollege.nl","Postbus","37","1610AA","BOVENKARSPEL","696","41234076"
"50182","Stichting voor P.C.V.O. voor Meppel en omgeving","Gerard Doustraat","13","7944HD","MEPPEL","0119","MEPPEL","Protestants-Christelijk","0522258322","","Postbus","119","7940AC","MEPPEL","","40045732"
"53990","Stichting Fioretti Teylingen","Leidsevaart","4","2215RE","VOORHOUT","1525","TEYLINGEN","Rooms-Katholiek","0252461800","www.teylingen-college.nl","Postbus","200","2215ZL","VOORHOUT","","41198151"
"57266","Stichting Confessioneel Onderwijs Leiden","Marienpoelstraat","4","2334CZ","LEIDEN","0546","LEIDEN","Rooms-Katholiek","0715175551","www.scoleiden.nl","Postbus","4049","2301RA","LEIDEN","098","41166061"
"58722","Stichting Samenwerkingsschool 'de Overlaat'","Eikendonklaan","3","5143NG","WAALWIJK","0867","WAALWIJK","Samenwerking PC, RK, Alg. Bijz","","","Postbus","259","5140AG","WAALWIJK","","41099227"
"59282","Stg. Chr. Voortg. Onderwijs Alblasserwaard-Vijfheerenland.","Oude Hoven","8","4205AK","GORINCHEM","0512","GORINCHEM","Protestants-Christelijk","0183610120","www.csdehoven.nl","Postbus","667","4200AR","GORINCHEM","","40321201"
"62181","Stichting Aquila, stichting voor Christelijk Speciaal Onderwijs regio Ommen","De Schammelte","3","7731BL","OMMEN","0175","OMMEN","Protestants-Christelijk","0529451792","www.johanseckelommen.nl","Postbus","118","7730AC","OMMEN","722","40060527"
"67107","Stichting Media Amsterdam","Contactweg","36","1014AN","AMSTERDAM","0363","AMSTERDAM","Algemeen bijzonder","0208509500","www.ma-web.nl","Contactweg","36","1014AN","AMSTERDAM","947","40531413"
"67237","Stichting Grafisch Lyceum Rotterdam","Heer Bokelweg","255","3032AD","ROTTERDAM","0599","ROTTERDAM","Algemeen bijzonder","0882001500","www.glr.nl","Postbus","1680","3000BR","ROTTERDAM","696","41126201"
"69994","Stg. CVO op reform. grondslag Veenendaal en omgeving","Vondellaan","4","3906EA","VEENENDAAL","0345","VEENENDAAL","Protestants-Christelijk","0318543210","www.ichthuscollege.nl","Postbus","227","3900AE","VEENENDAAL","666","41178566"
"70176","Stichting Christel. Onderwijs Haaglanden","Laan van Meerdervoort","70","2517AN","'S-GRAVENHAGE","0518","S GRAVENHAGE","Protestants-Christelijk","0703118787","www.scoh.nl","Postbus","18546","2502EM","'S-GRAVENHAGE","","41149716"
"70344","Onderwijsstichting Sint Willibrord","Beukenstraat","80","5753GD","DEURNE","0762","DEURNE","Rooms-Katholiek","0493314802","","Postbus","247","5750AE","DEURNE","413","41088410"
"70396","St. Augustinus Stichting","Kasteelselaan","50","6574AJ","UBBERGEN","1945","BERG EN DAL","Rooms-Katholiek","0243229337","www.notredame.nl","Kasteelselaan","50","6574AJ","UBBERGEN","952","41055931"
"71436","Stg. Petrus Canisius College, Kath. Sch.gem. Voortg. Onderw.","Vondelstraat","41","1813BA","ALKMAAR","0361","ALKMAAR","Rooms-Katholiek","0725112283","www.pcc.nu","Postbus","1118","1810KC","ALKMAAR","264","41238154"
"71553","Stichting Keizer Karel","Weegbree","55","1422MT","UITHOORN","0451","UITHOORN","Rooms-Katholiek","0297566903","www.alkwin.nl","Postbus","112","1420AC","UITHOORN","947","41200090"
"72464","Stichting Chr. Spec. Onderwijs Apeldoorn","Mr. van Hasseltlaan","57","7316DK","APELDOORN","0200","APELDOORN","Protestants-Christelijk","0555889889","www.cso-apeldoorn.nl","Mr. van Hasseltlaan","57","7316DK","APELDOORN","606","40103192"
"72853","Stichting Katholiek Onderwijs Volendam","Heideweg","2","1132DB","VOLENDAM","0385","EDAM-VOLENDAM","Rooms-Katholiek","0299399290","www.deskov.nl","Postbus","23","1130AA","VOLENDAM","291","41234200"
"73114","Stichting Biezonderwijs","Generaal Smutslaan","11","5021XA","TILBURG","0855","TILBURG","Rooms-Katholiek","0135420364","www.sbozonnesteen.nl","Postbus","5134","5004EC","TILBURG","401","41095418"
"73646","Stg. R.K. Scholengemeenschap Sancta Maria","Van Limburg Stirumstraat","4","2012MN","HAARLEM","0392","HAARLEM","Rooms-Katholiek","0235316040","www.sanctamaria.nl","Postbus","3253","2001DG","HAARLEM","136","41223112"
"73841","Stichting Katholiek Voortgezet Onderwijs Heerhugowaard","Beukenlaan","1","1701DA","HEERHUGOWAARD","0398","HEERHUGOWAARD","Rooms-Katholiek","0725710144","www.trinitascollege.nl","Beukenlaan","1","1701DA","HEERHUGOWAARD","200","41239028"
"74050","Sancta Maria Stichting","Aartshertogenlaan","108","5212CM","'S-HERTOGENBOSCH","0796","S HERTOGENBOSCH","Rooms-Katholiek","0736411712","www.desancta.nl","Aartshertogenlaan","108","5212CM","'S-HERTOGENBOSCH","136","41080131"
"74374","Stichting Tabor College","Maelsonstraat","26","1624NP","HOORN NH","0405","HOORN","Rooms-Katholiek","0229283555","www.tabor.nl","Postbus","34","1620AA","HOORN NH","696","41234210"
"74713","Stichting Voortgezet Onderwijs voor Sliedrecht en omstreken","Prof Kamerlingh Onnesln","109","3362VE","SLIEDRECHT","0610","SLIEDRECHT","Algemeen bijzonder","0184413390","www.griendencollege.nl","Postbus","85","3360AB","SLIEDRECHT","093","41118236"
"75311","Stichting Markland College","Pagnevaartweg","7","4731AA","OUDENBOSCH","1655","HALDERBERGE","Rooms-Katholiek","0165390320","www.markland.nl","Postbus","131","4730AC","OUDENBOSCH","","41102569"
"76415","Stg. Chr. Voortgez. Onderwijs te Alkmaar e.o.","Mandenmakerstraat","11","1825BB","ALKMAAR","0361","ALKMAAR","Protestants-Christelijk","0725187676","www.ja.nl","Postbus","8003","1802KA","ALKMAAR","295","41241510"
"76688","Stg. 'Het Baarnsch Lyceum', Scholengemeenschap v. VWO/HAVO","Torenlaan","83","3742CS","BAARN","0308","BAARN","Algemeen bijzonder","0355416041","","Torenlaan","83","3742CS","BAARN","","41188303"
"76740","Stichting Werkplaats Kindergemeenschap","Kees Boekelaan","12","3723BA","BILTHOVEN","0310","DE BILT","Algemeen bijzonder","0302282841","www.wpkeesboeke.nl","Kees Boekelaan","12","3723BA","BILTHOVEN","706","41177105"
"76753","Stichting Montessori Lyc. Herman Jordan","Jordanlaan","3","3706TE","ZEIST","0355","ZEIST","Algemeen bijzonder","0306954708","www.hermanjordan.nl","Postbus","442","3700AK","ZEIST","706","41178565"
"77494","Stichting Metameer","Stevensbeekseweg","8-A","5844AB","STEVENSBEEK","1702","SINT ANTHONIS","Rooms-Katholiek","0485381600","www.metameer.nl","Postbus","14","5845ZG","SINT ANTHONIS","","41080176"
"77690","Sticht. Kolom, Stichting voor Speciaal en Regulier Onderwijs","Jan Tooropstraat","136","1061AD","AMSTERDAM","0363","AMSTERDAM","Algemeen bijzonder","0205148080","www.kolom.net","Jan Tooropstraat","136","1061AD","AMSTERDAM","136","41197969"
"77741","Stichting S. Adelbert College","Deijlerweg","163","2241AE","WASSENAAR","0629","WASSENAAR","Rooms-Katholiek","0705119224","www.adelbert.nl","Deijlerweg","163","2241AE","WASSENAAR","","41149264"
"77975","Stichting Trinamiek, stichting v kath, opb en alg-bijz primair en voortgezet ond","Boerhaaveweg","39","3401MN","IJSSELSTEIN UT","0353","IJSSELSTEIN","Rooms-Katholiek","0306868444","www.lekenijssel.nl","Postbus","377","3400AJ","IJSSELSTEIN UT","696","41177737"
"78001","Onderwijsstichting St. Michaël","Leeghwaterweg","7","1509BS","ZAANDAM","0479","ZAANSTAD","Rooms-Katholiek","0756127474","www.stmichaelcollege.nl","Postbus","54","1540AB","KOOG AAN DE ZAAN","136","41231307"
"78132","Stg. voor interconfessioneel (rk/pc) Prakt.onderw. Woerden","Abeellaan","2","3442JB","WOERDEN","0632","WOERDEN","Algemeen bijzonder","0348412040","www.praktijkschoolwoerden.nl","Postbus","80","3360AB","SLIEDRECHT","136","41172140"
"78157","Onderwijsstichting College Hageveld","Hageveld","15","2102LM","HEEMSTEDE","0397","HEEMSTEDE","Rooms-Katholiek","0235100100","www.hageveld.nl","Hageveld","15","2102LM","HEEMSTEDE","136","41222941"
"78457","Stichting Joodse Kindergem. Cheider","Zeelandstraat","11","1082BV","AMSTERDAM","0363","AMSTERDAM","Joods","0206465564","www.cheider.nl","Postbus","7828","1008AA","AMSTERDAM","222","41202962"
"78482","Stg. R-K Voorb. Hoger&MO voor Noordelijk Rotterdam","Voorhout","100","3055ES","ROTTERDAM","0599","ROTTERDAM","Rooms-Katholiek","0104180470","www.laurenslyceum.nl","Voorhout","100","3055ES","ROTTERDAM","706","41126814"
"78769","Katholieke Stichting Ashram College","Marsdiep","289","2401XH","ALPHEN AAN DEN RIJN","0484","ALPHEN AAN DEN RIJN","Rooms-Katholiek","0172430234","www.ashram.nl","Postbus","693","2400AR","ALPHEN AAN DEN RIJN","","41165478"
"79314","Stichting Marnix College","Prins Bernhardlaan","30","6713MC","EDE GLD","0228","EDE","Protestants-Christelijk","0318650035","www.marnixcollege.nl","Postbus","8037","6710AA","EDE GLD","","41046265"
"79496","Ver H Vryzinnig Chr Lyc","Van Stolkweg","35","2585JN","'S-GRAVENHAGE","0518","S GRAVENHAGE","Algemeen bijzonder","0703066631","www.vcl-school.nl","Van Stolkweg","35","2585JN","'S-GRAVENHAGE","065","40407420"
"80082","Kardinaal Alfrink Stichting","Werflaan","45","2725DE","ZOETERMEER","0637","ZOETERMEER","Rooms-Katholiek","0793306666","www.alfrink.nl","Werflaan","45","2725DE","ZOETERMEER","","41149483"
"80328","Stichting voor Christ. Voortgez. Onderw.","Kerkewijk","149","3904JC","VEENENDAAL","0345","VEENENDAAL","Protestants-Christelijk","0318500621","www.clv.nl","Postbus","41","3900AA","VEENENDAAL","756","41178034"
"80536","Stichting Baudartius","Isendoornstraat","1-A","7201NJ","ZUTPHEN","0301","ZUTPHEN","Protestants-Christelijk","0575515041","","Postbus","4018","7200BA","ZUTPHEN","696","40101542"
"83228","Stichting Christelijk Onderwijs Delft e.o.","Vulcanusweg","263-G","2624AV","DELFT","0503","DELFT","Protestants-Christelijk","0152154880","www.scodelft.nl","Postbus","2924","2601CX","DELFT","696","41145807"
"84021","Ver. Voortgezet Onderwijs op Reform. Grondslag Apeldoorn eo","Anklaarseweg","71","7316MB","APELDOORN","0200","APELDOORN","Reformatorisch","0555262300","www.jfsg.nl","Postbus","2151","7302EN","APELDOORN","","40102138"
"85425","St. Interconfessioneel (RK/PC) Voortg. Onderw. Gregor Mendel","Pim Mulierlaan","4","2024BT","HAARLEM","0392","HAARLEM","Samenwerking PC, RK","0235258421","www.mendelcollege.nl","Pim Mulierlaan","4","2024BT","HAARLEM","136","41224031"
"88518","Vereniging Chr. M.A.V.O. in de gemeente Dantumadeel","Nijewei","1","9104DK","DAMWALD","1891","DANTUMADIEL","Protestants-Christelijk","0511421581","www.desaad.nl","Postbus","61","9104ZH","DAMWALD","951","40000540"
"90897","Stg. Inspecteur Boelensschool Schiermonnikoog/Stichting IBS","Kerkelaantje","1","9166NB","SCHIERMONNIKOOG","0088","SCHIERMONNIKOOG","Algemeen bijzonder","0519531620","www.boelensschool.nl","Postbus","66","9100AB","DOKKUM","944","41001666"
"91092","Ver. voor Prot. Christelijk Voortg. Onderwijs te Sleeuwijk","Rijksstraatweg","153","4254XD","SLEEUWIJK","0870","WERKENDAM","Protestants-Christelijk","0183302944","www.altenacollege.nl","Rijksstraatweg","153","4254XD","SLEEUWIJK","558","40271198"
"95785","Stichting Vrijescholen ZW Nederland","Waalsdorperweg","12","2597JB","'S-GRAVENHAGE","0518","S GRAVENHAGE","Antroposofisch","0703244300","www.devrijeschooldenhaag.nl","Waalsdorperweg","12","2597JB","'S-GRAVENHAGE","401","40407208"
"99048","Stichting Voortgezet Onderwijs Parkstad Limburg","Akerstraat","85","6417BK","HEERLEN","0917","HEERLEN","Samenwerking Opb., PC, RK, Alg","0455712597","www.svopl.nl","Akerstraat","85","6417BK","HEERLEN","515","41070757"
